;Holtwick;Hagehülsmann;Paul;Mühlberger;Schagen
The Weeknd;1;1;1;1;1
Spice Girls;1;1;1;1;1
Sophie and the Giants;1;1;1;1;1
Seeed;1;1;1;1;1
Robin Schulz;1;1;1;1;1
Queen;1;1;1;1;1
Purple Disco Machine;1;1;1;1;1
PITBULL;1;1;1;1;1
Pharrell Williams;1;1;1;1;1
Peter Schilling;1;1;1;1;1
Peter Fox;1;1;1;1;1
Michael Jackson;1;1;1;1;1
Luis Fonsi;1;1;1;1;1
Lucenzo;1;1;1;1;1
Lou Bega;1;1;1;1;1
Los del Rio;1;1;1;1;1
Kungs;1;1;1;1;1
Helene Fischer;1;1;1;1;1
HADDAWAY;1;1;1;1;1
FETTES BROT;1;1;1;1;1
EIFFEL 65;1;1;1;1;1
Ed Sheeran;1;1;1;1;1
Dua Lipa;1;1;1;1;1
Coldplay;1;1;1;1;1
Bruno Mars;1;1;1;1;1
Backstreet Boys;1;1;1;1;1
AVICII;1;1;1;1;1
Andreas Gabalier;1;1;1;1;1
ABBA;1;1;1;1;1
SNAP!;1;1;1;1;1
Earth, Wind & Fire;1;1;1;1;1
DON OMAR;1;1;1;1;1
DR. ALBAN;1;1;1;1;1
Deichkind;1;1;1;1;1
Andreas Bourani;1;1;1;1;1
A-HA;1;1;1;1;1
ACDC;1;1;1;1;1
Whitney Houston;1;0;1;1;1
USHER;0;1;1;1;1
Udo Jürgens;1;1;1;1;0
THE KILLERS;0;1;1;1;1
Stevie Wonder;1;0;1;1;1
Stereoact;1;1;0;1;1
Sportfreunde Stiller;1;1;1;1;0
SPIDER MURPHY GANG;1;1;1;1;0
Snoop Dogg;1;0;1;1;1
Sigala;1;0;1;1;1
SHOUSE;0;1;1;1;1
SAFRI DUO;1;1;0;1;1
Robin Thicke;1;0;1;1;1
Robbie Williams;1;1;1;0;1
Rihanna;1;1;1;1;0
PUR;1;1;1;0;1
Phil Collins;1;1;1;0;1
Panjabi MC;1;0;1;1;1
OFENBACH;0;1;1;1;1
Oasis;1;0;1;1;1
Nightcrawlers;1;0;1;1;1
NENA;1;1;1;1;0
Mia Julia;1;1;0;1;1
MELISSA ETHERIDGE;1;1;1;0;1
Matthias Reim;1;1;1;0;1
Mark Ronson;1;0;1;1;1
Marianne Rosenberg;1;1;0;1;1
Malle Anja;1;1;0;1;1
Maite Kelly;1;1;1;0;1
Madonna;1;0;1;1;1
Lorenz Büffel;1;1;0;1;1
LMFAO;1;1;1;0;1
LIQUIDO;1;1;1;1;0
Justin Wellington;1;1;1;1;0
Justin Timberlake;1;0;1;1;1
Jennifer Lopez;1;1;1;0;1
Jamiroquai;1;1;1;1;0
Imanbek;1;0;1;1;1
Harry Styles;1;0;1;1;1
GLORIA GAYNOR;1;1;1;1;0
Gigi D'Agostino;1;0;1;1;1
Flo Rida;1;0;1;1;1
FISHER;1;0;1;1;1
Farruko;1;0;1;1;1
Falco;1;0;1;1;1
Faithless;1;0;1;1;1
Elton John;1;1;1;1;0
DIE TOTEN HOSEN;1;1;1;1;0
DAVID GUETTA;0;1;1;1;1
DAFT PUNK;0;1;1;1;1
Daddy Yankee;1;0;1;1;1
Culcha Candela;1;1;1;1;0
Chubby Checker;1;0;1;1;1
Chaka Khan;1;1;1;0;1
Calvin Harris;1;0;1;1;1
Britney Spears;1;0;1;1;1
Bob Marley;1;0;1;1;1
Bee Gees;1;0;1;1;1
Anna-Maria Zimmermann;1;1;0;1;1
ALVARO SOLER;0;1;1;1;1
257ers;1;1;1;0;1
The BLACK EYED PEAS;1;0;1;1;1
Specktakel;1;0;0;1;1
Dj Ötzi;1;1;0;1;1
Die Fantastischen Vier;1;0;1;1;1
DIE ÄRZTE;1;1;0;1;1
DEPECHE MODE;1;0;1;1;1
CULTURE BEAT;1;1;1;1;0
BON JOVI;1;1;1;1;0
Barry White;1;1;1;1;0
Almklausi;1;1;0;1;1
Wolfgang Petry;1;1;0;0;1
Will Smith;0;0;1;1;1
WHEATUS;0;1;1;1;0
WALK THE MOON;0;1;1;0;1
VILLAGE PEOPLE;1;0;1;1;0
Vicky Leandros;1;0;1;1;0
Tyga;0;0;1;1;1
THE WEATHER GIRLS;0;1;0;1;1
THE POINTER SISTERS;1;0;1;0;1
TALKING HEADS;0;1;1;1;0
Summer Cem;1;0;1;0;1
Stromae;0;0;1;1;1
Sia;0;0;1;1;1
SEAN PAUL;0;1;1;0;1
Schürze;1;0;0;1;1
Santana;1;0;1;1;0
Ryan Lewis;0;0;1;1;1
Rupert Holmes;1;0;1;1;0
Roland Kaiser;1;1;1;0;0
Riton;0;0;1;1;1
REDNEX;1;0;0;1;1
Rammstein;1;0;1;1;0
RAM JAM;1;1;1;0;0
Psy;1;0;0;1;1
Prince;1;0;1;1;0
Paul Kalkbrenner;0;0;1;1;1
Papa Roach;1;0;1;0;1
P!nk;1;0;1;1;0
ÖWNBOSS;0;1;1;0;1
Olivia Newton-John;0;0;1;1;1
Nirvana;1;0;1;0;1
Namika;1;0;1;0;1
MILKY CHANCE;0;1;1;1;0
METALLICA;1;0;1;1;0
Master KG;1;0;1;1;0
Maroon 5;0;0;1;1;1
Mark Forster;1;1;0;0;1
Major Lazer;1;0;1;0;1
Macklemore;0;0;1;1;1
Lost Frequencies;0;0;1;1;1
Lionel Richie;1;0;1;0;1
Leony;0;0;1;1;1
LAS KETCHUP;0;1;0;1;1
Laid Back;1;0;1;1;0
Kylie minogue;1;0;1;0;1
KRAFTKLUB;0;1;1;0;1
KitschKrieg;1;0;1;0;1
KISS;0;1;1;0;1
KID CUDI;0;1;0;1;1
Kevin Lyttle;1;0;1;0;1
Kerstin Ott;1;1;0;1;0
Kelly Rowland;1;0;0;1;1
Jürgen Drews;1;1;0;1;0
Julian Sommer;1;1;0;0;1
John Newman;1;0;1;0;1
Joel Corry;1;0;1;0;1
Jay-Z;1;0;1;0;1
Jasmine Thompson;0;0;1;1;1
James Blunt;0;0;1;1;1
J. Balvin;1;0;1;0;1
Ida Corr;1;0;1;0;1
Icona Pop;1;0;1;1;0
Hubert Kah;1;0;1;1;0
Herbert Grönemeyer;1;1;1;0;0
GREGORY PORTER;0;1;1;0;1
Gloria Estefan;1;0;1;0;1
Glockenbach;1;1;0;1;0
GLASPERLENSPIEL;1;1;0;0;1
Gayle;0;0;1;1;1
Frankie Goes To Hollywood;1;0;1;1;0
FRANK SINATRA;0;1;1;1;0
Fatman Scoop;1;0;1;0;1
Eyelar;1;1;0;0;1
EURYTHMICS;1;0;1;1;0
Enrique Iglesias;1;1;1;0;0
Eminem;0;0;1;1;1
El Profesor;1;0;1;1;0
Donna Summer;1;0;1;1;0
DJ Bobo;1;1;0;0;1
Die Flippers;1;1;0;0;1
Die Firma;1;0;1;0;1
DENNIS LLOYD;0;1;1;0;1
Cro;0;0;1;1;1
Christina Aguilera;1;0;1;0;1
Cher;1;1;1;0;0
BYOR;1;0;1;0;1
Bryan Adams;1;1;1;0;0
BRONSKI BEAT;1;0;1;1;0
Boney M.;0;0;1;1;1
BILL WITHERS;0;1;1;1;0
Beyoncé;1;0;0;1;1
Beatrice Egli;1;1;0;0;1
ATB;1;1;0;0;1
Apache 207;1;0;1;0;1
Alice Merton;1;1;1;0;0
ACraze;1;0;1;0;1
WHIGFIELD;1;1;0;0;0
The Police;1;0;1;1;0
FLEETWOOD MAC;0;1;1;1;0
Felix Jaehn;0;0;1;1;1
DJ Robin;1;0;0;1;1
BLUR;0;1;1;1;0
AnnenMayKantereit;1;0;1;1;0
Alle Farben;1;0;0;1;1
Alexandra Stan;1;0;1;1;0
50 Cent;0;0;1;1;1
Willy William;0;0;1;0;1
will.i.am;0;0;1;1;0
WESTERNHAGEN;1;1;0;0;0
Wes;0;0;1;1;0
Wanz;0;0;1;0;1
Wanda;0;0;1;1;0
Voyce;1;1;0;0;0
VIZE;0;0;0;1;1
Vengaboys;1;0;0;0;1
VAN HALEN;1;0;1;0;0
T-Pain;0;0;1;0;1
Toto;0;0;1;1;0
Tosca;0;0;1;1;0
Topic;1;0;0;0;1
Tony Christie;1;0;0;1;0
TOBEE;0;1;0;0;1
TINA TURNER;0;1;1;0;0
Timati;1;0;0;0;1
Tim Toupet;1;1;0;0;0
Tiesto;0;0;1;1;0
The Temptations;0;0;1;1;0
The Supremes;1;0;1;0;0
The Shapeshifters;0;0;1;0;1
The Knocks;0;0;1;0;1
The Disco Boys;1;0;0;0;1
The BossHoss;1;0;0;1;0
THE BEACH BOYS;1;0;0;1;0
Taylor Swift;0;0;1;0;1
Take That;1;0;1;0;0
SURVIVOR;1;0;0;1;0
SUPERTRAMP;0;1;0;1;0
STYLE COUNCIL;0;1;1;0;0
STEPPENWOLF;0;1;1;0;0
Stella Starlight Trio;0;0;1;1;0
Steely Dan;0;0;1;1;0
St. Germain;0;0;1;1;0
SPIN DOCTORS;1;0;1;0;0
SOULSISTER;1;0;1;0;0
SOULOUNGE;0;1;1;0;0
Solomun;0;0;1;0;1
Soft Cell;1;0;1;0;0
Sofi Tukker;0;0;1;1;0
Snow;0;0;0;1;1
Small Jam;1;0;0;1;0
SIMPLY RED;0;1;1;0;0
SIMPLE MINDS;0;1;0;0;1
Simon & Garfunkel;0;0;1;1;0
SILK SONIC;0;1;1;0;0
Shawn Mendes;0;0;1;1;0
Shantel;0;0;1;1;0
SHAKIRA;1;0;1;0;0
SHAKATAK;0;1;1;0;0
Shaggy;1;0;1;0;0
SENOR COCONUT;0;1;1;0;0
Selena Gomez;1;0;0;0;1
SDP;1;0;0;1;0
Scotty;1;0;0;0;1
Scooter;0;0;0;1;1
Sasha;0;0;1;1;0
Sam Smith;0;0;1;1;0
Sam Cooke;1;0;1;0;0
SADE;0;1;1;0;0
RUFUS;1;0;1;0;0
ROSE LAURENS;0;1;0;1;0
Rod Stewart;0;0;1;1;0
Ricky Martin;1;0;0;1;0
Regard;0;0;1;0;1
REEL 2 REAL;0;1;1;0;0
Redman;0;0;1;0;1
RED HOT CHILI PEPPERS;0;1;0;1;0
Ray Dalton;0;0;1;0;1
Ray Charles;0;0;1;0;1
Randy Crawford;0;0;1;1;0
Rag'n'Bone Man;0;0;1;1;0
Rage Against The Machine;0;0;1;1;0
RAF Camora;0;0;1;0;1
R.E.M.;0;1;1;0;0
Querbeat;0;0;1;0;1
QUARTERHEAD;0;1;0;0;1
Portugal. The Man;0;0;1;1;0
Poolside;0;0;1;1;0
Pietro Lombardi;1;0;0;0;1
PETER WACKEL;0;1;0;1;0
Paveier;0;0;1;0;1
PATRICK HERNANDEZ;0;1;1;0;0
Parov Stelar;0;0;1;1;0
Paolo Conte;0;0;1;1;0
Pachanga;1;0;1;0;0
Otis Redding;0;0;1;1;0
Oliver Heldens;0;0;1;0;1
Oliver Frank;1;1;0;0;0
OLIVER CHEATHAM;0;1;0;1;0
N-TRANCE;1;0;0;1;0
Nina Chuba;0;0;1;0;1
Nathan Evans;0;0;1;1;0
Mufasa;0;0;0;1;1
MR. PRESIDENT;1;0;0;1;0
Mousse T.;1;0;0;0;1
MOGUAI;0;0;0;1;1
Modjo;0;0;1;0;1
Modern Talking;0;0;0;1;1
Moby;0;0;1;0;1
Mo' Horizons;0;0;1;1;0
Mnek;1;0;0;0;1
MistaJam;1;0;0;0;1
Mickie Krause;1;1;0;0;0
Michel Teló;1;0;1;0;0
Michael Wendler;1;1;0;0;0
MEZZOFORTE;0;1;1;0;0
Mel Tormé;0;0;1;1;0
MATT BIANCO;1;0;1;0;0
Massive Töne;0;0;1;0;1
Marvin Gaye;0;0;1;1;0
Martin Solveig;0;0;1;0;1
Martin Garrix;0;0;1;0;1
Marteria;0;0;1;1;0
Mario Biondi;0;0;1;1;0
Marc Cohn;1;0;1;0;0
Marc Anthony;0;0;1;0;1
Manu Chao;0;0;1;1;0
Mando Diao;0;0;1;1;0
Makedah;0;0;1;0;1
Majestic;0;0;0;1;1
Madness;0;0;1;1;0
Lykke Li;0;0;1;1;0
Lumidee;1;0;1;0;0
Ludacris;0;0;1;0;1
Lika Morgan;0;0;0;1;1
Lady Gaga;0;0;0;1;1
La Bouche;1;1;0;0;0
Kygo;1;0;1;0;0
KT Tunstall;0;0;1;1;0
Kool & the Gang;1;0;0;1;0
KLAUS LAGE;1;1;0;0;0
Klangkarussell;0;0;1;1;0
Kesha;0;0;1;1;0
Keanu Silva;1;0;0;0;1
KC & THE SUNSHINE BAND;1;0;0;1;0
Kay One;0;0;0;1;1
Katy Perry;1;0;0;1;0
Kastelruther Spatzen;0;0;1;1;0
Kanye West;0;0;1;0;1
Kalenna;1;0;0;0;1
Justin Bieber;0;0;0;1;1
Journey;0;0;1;1;0
Josh.;0;0;1;1;0
Jonathan Zelter;0;0;1;0;1
John Travolta;0;0;1;0;1
JOHN PAUL YOUNG;0;1;0;1;0
JOHN LEGEND;0;1;1;0;0
Joe Cocker;0;0;1;0;1
Joan Jett;1;0;1;0;0
Jess Glynne;0;0;1;1;0
Jason Mraz;0;0;1;1;0
Jason Derulo;0;0;1;0;1
JANET JACKSON;0;1;1;0;0
Jan Delay;0;0;1;1;0
Jamule;0;0;1;0;1
JAMIE CULLUM;0;1;1;0;0
Jack Johnson;0;0;1;1;0
INNER CIRCLE;1;0;1;0;0
Ini Kamoze;1;0;1;0;0
INCOGNITO;0;1;1;0;0
IMANY;0;1;0;1;0
Ikke Hüftgold;0;0;0;1;1
Hypeman;0;0;0;1;1
Howard Carpendale;1;0;0;0;1
House Of Pain;0;0;0;1;1
HÖHNER;1;0;1;0;0
HEROES DEL SILENCIO;1;0;1;0;0
HARPO;1;1;0;0;0
Harold Faltermeyer;1;0;0;1;0
Gwen Stefani;0;0;1;0;1
GUSTTAVO LIMA;1;0;1;0;0
GURU JOSH PROJECT;1;0;0;0;1
Gringo;1;0;0;0;1
GOLDEN EARRING;0;1;1;0;0
Gipsy Kings;0;0;1;0;1
Ginuwine;0;0;1;0;1
Gestört aber Geil;1;0;0;0;1
GEORGE MICHAEL;0;1;1;0;0
GEORGE BENSON;0;1;1;0;0
GARLAND JEFFREYS;0;1;1;0;0
Gala;0;0;1;1;0
Gabry Ponte;0;0;0;1;1
Fritz Kalkbrenner;0;0;0;1;1
Freddie Mercury;1;0;1;0;0
Fergie;0;0;1;0;1
Fedde Le Grand;1;0;0;0;1
Fatboy Slim;0;0;0;1;1
Etta James;0;0;1;1;0
Escort;0;0;1;1;0
Eric Prydz;1;0;0;0;1
Erasure;1;0;1;0;0
Elvis Presley;1;0;1;0;0
Ellie Goulding;0;0;1;0;1
DUFFY;0;1;1;0;0
Drake;0;0;1;0;1
DONNA LEWIS;0;1;1;0;0
DOLLY PARTON;0;1;1;0;0
Dollarman;0;0;1;0;1
DNCE;0;0;1;1;0
DJ Snake;0;0;1;0;1
DJ Herzbeat;1;1;0;0;0
DJ ANTOINE;1;0;1;0;0
Diplo;1;0;0;0;1
Die Draufgänger;1;0;1;0;0
DIE ATZEN;0;1;0;0;1
Diana Ross;1;0;1;0;0
Dexys Midnight Runners;1;0;1;0;0
Darude;1;0;0;0;1
Danzel;1;1;0;0;0
DAN HARTMAN;1;0;1;0;0
Cyndi Lauper;1;0;1;0;0
Cutee B;0;0;1;0;1
CULTURE CLUB;1;0;1;0;0
Corona;0;0;1;0;1
Cookin' On 3 Burners;0;0;1;0;1
Clueso;1;0;0;0;1
Club des Belugas;0;0;1;1;0
ClockClock;1;0;0;1;0
Clean Bandit;1;0;1;0;0
Chuck Berry;0;0;1;1;0
CHRISTOPHER CROSS;0;1;1;0;0
CHRIS REA;0;1;1;0;0
CHRIS ISAAK;0;1;1;0;0
Chic;0;0;1;1;0
Cherish;1;0;0;0;1
Charlie Puth;1;0;1;0;0
Carly Rae Jepsen;1;0;1;0;0
Cardi B;0;0;1;0;1
Camila Cabello;0;0;1;1;0
Calum Scott;0;0;0;1;1
BUDDY;1;0;0;0;1
Bryn Christopher;1;0;1;0;0
Brings;0;0;1;0;1
Bonez MC;0;0;1;0;1
Bob Sinclar;0;0;1;0;1
Blackstreet;1;0;1;0;0
Billy Talent;0;0;1;0;1
BILLY OCEAN;0;1;1;0;0
Big Ali;0;0;1;0;1
Bellini;0;0;1;1;0
BEATLES;0;1;0;1;0
Bangles;1;0;1;0;0
Axel Fischer;1;0;0;0;1
Aventura;1;0;1;0;0
Ava Max;0;0;1;1;0
Atc;1;0;1;0;0
ARETHA FRANKLIN;0;1;1;0;0
Aqua;1;0;0;1;0
Anastacia;1;0;1;0;0
Aloe Blacc;0;0;1;1;0
Alle Achtung;0;0;1;1;0
Alicia Keys;1;0;1;0;0
Alesso;1;0;0;0;1
Akcent;1;0;1;0;0
Adriano Celentano;0;0;1;1;0
ACHIM REICHEL;0;1;0;0;1
Ace of Base;1;0;1;0;0
A7S;1;0;0;0;1
2raumwohnung;1;0;1;0;0
Willie Nelson;0;0;0;1;0
Mr. Probz;0;0;1;1;0
Francesco Yates;0;0;1;1;0
Eros Ramazzotti;0;0;1;1;0
ERIC CLAPTON;0;1;0;1;0
EMPIRE OF THE SUN;0;1;0;1;0
Ella Henderson;0;0;0;1;1
Elderbrook;0;0;1;1;0
Dynoro;0;0;1;1;0
DOOBIE BROTHERS;0;1;0;1;0
Dixie Cups;0;0;1;1;0
De La Soul;0;0;1;1;0
DaBaby;0;0;1;1;0
CURTIS MAYFIELD;0;1;0;1;0
Cheat Codes;0;0;0;1;1
Celeste;0;0;1;1;0
Capital Cities;0;0;1;1;0
CamelPhat;0;0;1;1;0
Bonnie Tyler;1;0;0;1;0
Blumentopf;0;0;1;1;0
America;0;0;1;1;0
40 Thieves;0;0;1;1;0
zzoilo;0;0;1;0;0
ZZ TOP;0;1;0;0;0
Zucchero;0;0;0;1;0
Zillertaler Schuerzenjaeger;0;0;0;1;0
Ziggy Stardust;0;0;1;0;0
Zero 7;0;0;0;1;0
Zaz;0;0;1;0;0
Yuliet Topaz;0;0;1;0;0
YouNotUs;0;0;0;0;1
Young-Holt Unlimited;0;0;1;0;0
Young Thug;0;0;0;1;0
Young Rascals;0;0;1;0;0
Yolanda Be Cool & Dcup;0;0;1;0;0
Yello;0;0;0;0;1
Years & Years;0;0;0;0;1
Yann Tiersen;0;0;1;0;0
XXXTENTACION;1;0;0;0;0
XX EDITS;0;0;1;0;0
Xavier Rudd;0;0;1;0;0
Wyclef Jean;0;0;1;0;0
Wolfsheim;1;0;0;0;0
Wisin & Yandel;0;0;1;0;0
Wisin;1;0;0;0;0
Wirtz;0;0;0;1;0
Winston Surfshirt;0;0;1;0;0
Winona Oak;0;0;0;0;1
Wincent Weiss;0;0;0;0;1
Willy DeVille;0;0;0;1;0
Willow Sage Hart;0;0;0;1;0
Willie Bobo;0;0;1;0;0
William Pitt;0;0;1;0;0
William Fitzsimmons;0;0;1;0;0
Willemijn Verkaik;1;0;0;0;0
Will Young;0;0;1;0;0
Whiz Khalifa;0;0;0;1;0
Whitesnake;0;0;0;1;0
Whispers, the;0;0;1;0;0
When 'Airy Met Fairy;0;0;1;0;0
Wham!;0;0;1;0;0
WHAM;1;0;0;0;0
Wet Wet Wet;0;0;1;0;0
wendehals;0;0;0;1;0
Weekend;1;0;0;0;0
WEATHER GIRLS;1;0;0;0;0
Wayne Newton;0;0;1;0;0
Warren G;0;0;0;1;0
Warren Casey;0;0;1;0;0
Wanda Jackson;1;0;0;0;0
Walter Wanderley;0;0;1;0;0
Walter Murphy;0;0;1;0;0
Waldeck;0;0;1;0;0
Vonda Shepard;0;0;1;0;0
Von Wegen Lisbeth;0;0;1;0;0
Visage;0;0;0;1;0
Violent Femmes;0;0;0;1;0
Vincenzo Capezzuto;0;0;1;0;0
Vincent Malin;0;0;0;0;1
Vika Jigulina;0;0;0;0;1
Victory;0;0;1;0;0
Victor Peixiero;0;0;1;0;0
Verdine White;1;0;0;0;0
Venus;0;0;1;0;0
Venga Boys;0;0;0;1;0
VELILE AND SAFRI DUO;0;1;0;0;0
Vaya Con Dios;0;0;1;0;0
Various Artists;0;0;0;1;0
VANILLA ICE;1;0;0;0;0
Vanessa Amorosi;0;0;0;0;1
Vance Joy;0;0;1;0;0
Van Morrison;0;0;1;0;0
Van Alexander;0;0;1;0;0
Vaccines, the;0;0;1;0;0
Us3;0;0;0;1;0
UNCLE KRACKER;1;0;0;0;0
Una Mas Trio;0;0;1;0;0
Ultravox;0;0;1;0;0
U-Jean;0;0;0;0;1
Ufo361;1;0;0;0;0
Udo Lindenberg;1;0;0;0;0
U2;1;0;0;0;0
U.S. Atlantic Fleet Navy Show Band;0;0;1;0;0
Tyrone Wells;0;0;1;0;0
Twocolors;0;0;0;0;1
Two Steps from Hell;0;0;0;0;1
TWENTY ONE PILOTS;0;1;0;0;0
Tullio De Piscopo;0;0;0;1;0
Tujamo;1;0;0;0;0
Tube & Berger;0;0;0;1;0
Trude Herr;0;0;1;0;0
Troy;0;0;1;0;0
Tropical;1;0;0;0;0
Trini Lopez;0;0;1;0;0
Trettmann;1;0;0;0;0
Travis Scott & HVME;0;0;1;0;0
Tracy Chapman;0;0;1;0;0
Tower of Power;0;0;1;0;0
Tony Holiday;0;0;1;0;0
Tones And I;0;0;1;0;0
Tones & I;0;0;0;1;0
Tomasz Niecik;0;0;1;0;0
Tom Walker;0;0;0;0;1
Tom Tom Club;0;0;1;0;0
Tom Odell;0;0;0;0;1
Tom Misch;0;0;1;0;0
Tom Jones;1;0;0;0;0
Tom Gregory;0;0;0;1;0
Tocadisco;0;0;0;0;1
Tobey Nize;1;0;0;0;0
TLC;0;0;1;0;0
TJR;0;0;0;0;1
Titty Twister;1;0;0;0;0
Tito Puente;0;0;1;0;0
Tion Wayne;1;0;0;0;0
Tinlicker;0;0;0;0;1
Timothy Auld;0;0;0;1;0
Timmy Thomas;0;0;1;0;0
Timbaland;0;0;1;0;0
TIGHT FIT;1;0;0;0;0
TIERRA NEGRA;0;1;0;0;0
Thomas Strack;1;0;0;0;0
Thomas Bergersen;0;0;0;0;1
Thirty Seconds to Mars;0;0;1;0;0
Third Eye Blind;0;0;1;0;0
Third Degree;0;0;1;0;0
Thievery Corporation;0;0;1;0;0
Thelma Houston;0;0;1;0;0
The Zutons;0;0;1;0;0
The Zodiacs;1;0;0;0;0
The XX;0;0;1;0;0
The Whispers;0;0;0;0;1
The Verve;0;0;1;0;0
The Trammps;1;0;0;0;0
The Sugarhill Gang;0;0;1;0;0
The Sugar Hill Gang;1;0;0;0;0
The Subways;0;0;1;0;0
The Stickmen Project;0;0;0;0;1
The Selecter;0;0;1;0;0
The Searchers;0;0;0;1;0
The Script;0;0;0;0;1
The Rubettes;0;0;0;1;0
The Ronettes;1;0;0;0;0
The Rolling Stones;0;0;1;0;0
THE ROCKY HORROR PICTURE SHOW;0;1;0;0;0
The Reynolds;0;0;1;0;0
The Proclaimers;0;0;1;0;0
The Poet of Rhythm;0;0;0;1;0
The Pips;0;0;1;0;0
The Offspring;0;0;1;0;0
The Nolans;0;0;1;0;0
The Mamas & the Papas;0;0;1;0;0
The Magician;0;0;0;0;1
The Luvvers;1;0;0;0;0
The Love Unlimited Orchestra;0;0;0;1;0
The Human League;0;0;0;1;0
The Fugees;0;0;0;0;1
The Flexican;0;0;1;0;0
The Emoticons;0;0;1;0;0
The Emerald Express;0;0;1;0;0
The Drifters;0;0;1;0;0
The Doors;0;0;0;1;0
THE DOOBIE BROTHERS;0;1;0;0;0
The Crusaders;0;0;0;1;0
The Crooklyn Clan;0;0;0;1;0
The Coconuts;0;0;1;0;0
The Chic Organization;0;0;0;1;0
The Chemical Brothers;0;0;0;1;0
The Change;0;0;1;0;0
The Chainsmokers;0;0;0;1;0
The Cast Of 'High School Musical';0;0;0;0;1
The Cars;0;0;1;0;0
The Calling;0;0;1;0;0
The Brothers Johnson;1;0;0;0;0
The Boys;0;0;1;0;0
THE BLUES BROTHERS;0;1;0;0;0
The Blue Boy;0;0;0;1;0
THE BLOW MONKEYS;0;1;0;0;0
The Bloodhound Gang;0;0;0;0;1
THE BELOVED;0;1;0;0;0
The Beginning Of The End;0;0;0;1;0
THE BEATLES;1;0;1;0;0
The Archies;0;0;0;1;0
Texas Lightning;0;0;0;1;0
Terry Callier;0;0;1;0;0
TEN SHARP;0;1;0;0;0
Teddy Pendergrass;0;0;1;0;0
Technobase;0;0;0;0;1
TEARS FOR FEARS;0;1;0;0;0
Taylor Dayne;0;0;1;0;0
Tasmin Archer;0;0;1;0;0
Tasita D'Mour;0;0;0;0;1
Tarkan;0;0;0;0;1
Tape Five;0;0;1;0;0
Take Me To Rio Collective;0;0;0;1;0
Taio Cruz;1;0;0;0;0
Tahiti 80;0;0;1;0;0
Tag Team;0;0;1;0;0
Tacabro;0;0;1;0;0
T.I.;0;0;0;0;1
SZA;0;0;0;1;0
System Of A Down;0;0;1;0;0
SYDNEY YOUNGBLOOD;0;1;0;0;0
Swing Out Sister;0;0;1;0;0
Swedish House Mafia;0;0;0;0;1
Suzi Quatro;0;0;0;1;0
Surfaris, the;0;0;1;0;0
Surf Mesa;0;0;0;1;0
Supremes;0;0;0;1;0
SUPER-HI AND NEEKA;0;1;0;0;0
SUPER-Hi;0;0;0;1;0
Sugababes;0;0;1;0;0
Stubete Gäng;0;0;0;1;0
Stryke;0;0;1;0;0
Stretch;0;0;0;1;0
Stray Cats;0;0;1;0;0
Sting;0;0;0;1;0
Steve Jablonsky;0;0;0;0;1
Stereo Dub;0;0;0;1;0
Stephen Sanchez;0;0;0;0;1
Stephane Pompougnac;0;0;0;1;0
Stephan F;0;0;0;0;1
Stardust;0;0;1;0;0
Stacey Kent;0;0;1;0;0
Spyro Gyra;0;0;1;0;0
Spiller;0;0;0;1;0
SPIKE;1;0;0;0;0
Speedswing;0;0;1;0;0
Spandau Ballet;0;0;1;0;0
Sound Of Legend;0;0;0;1;0
Soul II Soul;0;0;1;0;0
SOUL BALLET;0;1;0;0;0
Sophie Ellis-Bextor;0;0;0;1;0
Soolo;0;0;1;0;0
Sonya Spence;0;0;0;1;0
Sondr;0;0;0;1;0
Solomon Burke;1;0;0;0;0
Solardo;1;0;0;0;0
Sofia Reyes;0;0;1;0;0
Sofia Petersson;0;0;1;0;0
Sofa Surfers;0;0;1;0;0
Smokie;0;0;0;1;0
SLIM MAN;0;1;0;0;0
Slackwax;0;0;1;0;0
Skylar Grey;0;0;1;0;0
Sixth Finger;0;0;0;1;0
Sixpence None The Richer;0;0;1;0;0
Situation;0;0;1;0;0
Sister Sledge;0;0;1;0;0
SIS;0;0;0;1;0
Simon Fava;0;0;1;0;0
Silvestre Dangond;0;0;1;0;0
Sido;0;0;0;0;1
Sidepiece;0;0;0;0;1
Showtek;0;0;0;0;1
Showtec;0;0;0;0;1
SHOLA AMA;0;1;0;0;0
Shirley Bassey;0;0;1;0;0
Shirin David;0;0;0;0;1
Shinedown;0;0;1;0;0
Sheryl Crow;0;0;1;0;0
Sheila;0;0;1;0;0
Shazz;0;0;1;0;0
Shawn Lee Ping Pong Orchestra;0;0;0;1;0
Shawn Lee;0;0;0;1;0
Shapeshifters;0;0;0;0;1
Shannon;0;0;0;1;0
Shanice;1;0;0;0;0
Sha-Na-Na;0;0;0;0;1
Shakin' Stevens;0;0;1;0;0
Shabba Ranks;0;0;1;0;0
Sfera Ebbasta;0;0;0;1;0
SEVEK;0;0;0;0;1
"Sergio Mendes;Jovanotti";0;0;1;0;0
Sérgio Mendes;0;0;0;0;1
Sergio Mendes;0;0;1;0;0
Serano;0;0;0;0;1
Serani;0;0;0;0;1
September;0;0;0;0;1
Senor Coconut and His Orchestra;0;0;0;1;0
Senex;0;0;0;0;1
Semino Rossi;1;0;0;0;0
Seiler und Speer;0;0;1;0;0
Seiler & Speer;0;0;0;1;0
Sean Finn;0;0;0;0;1
Seal;0;0;1;0;0
Scubba;0;0;1;0;0
Scott Bradlee's Postmodern Jukebox;0;0;1;0;0
Schuerzenjaeger;0;0;0;1;0
Scavenger Hunt;0;0;1;0;0
Savage Garden;0;0;1;0;0
Sarah Connor;1;0;0;0;0
Santigold;0;0;0;0;1
Santiano;0;0;1;0;0
Santa Esmeralda;0;0;1;0;0
Sammy Davis, Jr.;0;0;0;1;0
Samia Farah;0;0;1;0;0
Sam White;0;0;1;0;0
Sam Sparro;0;0;1;0;0
Salt'n'Pepa;1;0;0;0;0
Saint Privat;0;0;1;0;0
SAINt JHN;0;0;0;1;0
Saint Etienne Greg Wilson Derek Kaye;0;0;0;1;0
Sagi Abitbul;0;0;1;0;0
Safari;0;0;1;0;0
Sabri Fejzullahu;0;0;0;0;1
S Club 7;0;0;0;1;0
Ryan  Paris;0;0;0;1;0
Ruth Davis;0;0;0;1;0
Rumer;0;0;0;1;0
RUFUS AND CHAKA KHAN;0;1;0;0;0
Rufus & Chaka Khan;0;0;0;0;1
Różni Wykonawcy;0;0;1;0;0
Röyksopp;0;0;1;0;0
Roy Orbison;0;0;1;0;0
Roy Orbinson;0;0;0;1;0
Roxette;1;0;0;0;0
Rosario;0;0;1;0;0
Rosana;0;0;1;0;0
Ronnie Laws;0;0;1;0;0
Ronan Keating;0;0;1;0;0
Ron louis Smith 2nd;0;0;1;0;0
Roland Shaw & his Orchestra;0;0;1;0;0
ROGER WHITTAKER;0;1;0;0;0
Roger Cicero;0;0;1;0;0
Rocky Sharpe & The Replays;0;0;1;0;0
Rockstroh;0;0;0;0;1
Robyn;0;0;1;0;0
Robin S.;0;0;1;0;0
Robin S;1;0;0;0;0
Roberto Mozza;0;0;0;0;1
Robert Palmer;0;0;1;0;0
Rob Thomas;0;0;0;1;0
Rival;0;0;1;0;0
Ritchie Valens;0;0;1;0;0
Rio Reiser;1;0;0;0;0
Rino Galiano;0;0;1;0;0
RIN;0;0;0;0;1
Right Said Fred;0;0;1;0;0
RIGHEIRA;0;1;0;0;0
Rickie Lee Jones;0;0;1;0;0
Rick Wade;0;0;0;1;0
Richard O'Brien;0;0;1;0;0
Richard Burton;0;0;1;0;0
RICHARD BIER;0;1;0;0;0
Ricchi e Poveri;0;0;0;1;0
Rhythm Heritage;0;0;1;0;0
Revolverheld;0;0;0;0;1
RetroVision;0;0;0;0;1
REO Speedwagon;0;0;1;0;0
Renée Olstead;0;0;1;0;0
Renato Zero;0;0;0;1;0
Relaxing Summer Jazz Bossa Nova Music;0;0;0;1;0
Red Peters;0;0;0;1;0
Rea Garvey;0;0;0;1;0
Rdm;0;0;0;1;0
Randy Roberts;0;0;1;0;0
RANDY CRAWFORD AND THE CRUSADERS;0;1;0;0;0
RAH Band;0;0;1;0;0
Raffaella Carrà;0;0;1;0;0
Raffa FL;0;0;1;0;0
Raf;0;0;0;1;0
Racoon;0;0;1;0;0
R.Kelly;0;0;0;0;1
Quincy Jones;0;0;1;0;0
Quantic;0;0;0;1;0
Q-Tip;0;0;1;0;0
Putumayo;0;0;0;1;0
Pupo;0;0;0;1;0
PUHDYS;0;1;0;0;0
Psychemagik;0;0;1;0;0
Proyecto Uno;0;0;1;0;0
Prince Royce;0;0;1;0;0
Prince Karma;0;0;1;0;0
Prince & The Revolution;0;0;0;1;0
Prezioso;0;0;0;1;0
Pretty Young;0;0;0;0;1
Powerkryner;0;0;0;1;0
Pop Smoke;0;0;0;0;1
Poncho Sanchez;0;0;1;0;0
POLICE;0;1;0;0;0
Polarkreis 18;1;0;0;0;0
POINTER SISTERS;1;0;0;0;0
Pj Sin Suela;0;0;1;0;0
Pitch & Scratch;0;0;0;1;0
Pino D'Angio;0;0;0;1;0
Pink Turtle;0;0;1;0;0
Pink Martini;0;0;1;0;0
Pink Floyd;0;0;1;0;0
Pigeon John;0;0;1;0;0
Pietro Ramman;0;0;1;0;0
Pieter Van Keymeulen;0;0;1;0;0
Piero Carapellucci;0;0;0;1;0
Picco;0;0;0;1;0
Pia Zadora;0;0;1;0;0
Phoenix;0;0;0;1;0
Philip Bailey;0;0;1;0;0
Philadelphia Orchestra;0;0;1;0;0
Pharrell;0;0;0;0;1
Peter Maffay;0;0;1;0;0
Peter Kruder;0;0;0;1;0
Peter Andre;1;0;0;0;0
"Peter ""Fesperanto"" Fessler";0;0;1;0;0
Pete Rodriguez;0;0;1;0;0
Pet Shop Boys;0;0;1;0;0
Persuasions;0;0;1;0;0
Perico Hernandez;0;0;0;1;0
Pérez Prado;0;0;1;0;0
Peret;0;0;1;0;0
People's Choice;0;0;1;0;0
Pedro Capó;0;0;1;0;0
PAUL YOUNG;0;1;0;0;0
Paul van Dyk;0;0;0;0;1
Paul Simon;0;0;1;0;0
Paul McCatrney;0;0;1;0;0
Paul McCartney;0;0;0;1;0
Paul Anka;0;0;1;0;0
Patrick Miller;0;0;0;0;1
Patricia Quinn;0;0;1;0;0
Patrice Rushen;0;0;1;0;0
PATRIC SWAYZE;0;1;0;0;0
Pat Benatar;1;0;0;0;0
Passenger;0;0;1;0;0
Paris Avenue;0;0;0;0;1
Parcels;0;0;1;0;0
Paolo Nutini;0;0;1;0;0
Panic! At The Disco;0;0;1;0;0
PAJEL;0;0;0;0;1
PAINTED LOVE;0;1;0;0;0
Paco Paco;0;0;1;0;0
Ozuna;0;0;0;0;1
O-ZONE;0;0;0;1;0
Owl City;0;0;0;0;1
OutKast;0;0;1;0;0
Otto Knows;0;0;0;0;1
OTTMAR LIEBERT;0;1;0;0;0
Osmani Garcia;0;0;1;0;0
Orson;0;0;1;0;0
ORLANDO RIVA SOUND;0;1;0;0;0
Orchestral Manoeuvres In The Dark;0;0;1;0;0
Orchester Joe Jerkins;0;0;1;0;0
Orange Juice;0;0;0;1;0
Opus;0;0;1;0;0
OneRepublic;0;0;0;1;0
One Republic;0;0;0;1;0
One Blood;0;0;1;0;0
OMI;0;0;0;0;1
Omara Portuondo;0;0;0;1;0
Olly Murs;0;0;0;0;1
Olivia;0;0;0;0;1
Ol' Dirty Bastard;0;0;1;0;0
O'Jays;0;0;1;0;0
Ohio Express;0;0;1;0;0
Offaiah;0;0;0;0;1
Odyssey;0;0;1;0;0
ODESZA;0;0;1;0;0
Ocean Avenue;0;0;0;0;1
O Zone;1;0;0;0;0
Nyla;0;0;0;1;0
Nu Guinea;0;0;0;1;0
NU 7T´S;0;1;0;0;0
NSync;0;0;1;0;0
Nova Jazzers;0;0;1;0;0
Nouvelle Vague;0;0;0;1;0
Notorious B.I.G.;0;0;1;0;0
Normani;0;0;0;1;0
Norman Greenbaum;0;0;1;0;0
Norma Jean Martine;0;0;0;0;1
NORAH JONES;0;1;0;0;0
Nora Van Elken;0;0;1;0;0
Nomcebo Zikode;0;0;0;1;0
Noisecontrollers;0;0;0;0;1
Noir Desir;0;0;0;1;0
NOËP;0;0;0;1;0
Noel Montano;0;0;1;0;0
No Doubt;0;0;1;0;0
Ninetoes;0;0;0;1;0
Nina Sky;0;0;1;0;0
NINA SIMONE;0;0;0;1;0
Nils Wülker;0;0;1;0;0
NILE RODGERS ;0;0;0;1;0
NIK P.;0;1;0;0;0
Nicolette Larson;0;0;1;0;0
Nico Santos;0;0;0;0;1
Nickodemus;0;0;0;1;0
NICKI MINAJ;0;0;0;1;0
Nick Straker Band;0;0;1;0;0
Nick Straker;0;0;1;0;0
NICK KAMEN;0;1;0;0;0
Nick Cave & The Bad Seeds;0;0;1;0;0
NIC;0;1;0;0;0
Ne-Yo;1;0;0;0;0
New York Jazz Lounge;0;0;0;1;0
New Order;0;0;0;1;0
Neuton;0;0;1;0;0
Nessi;0;0;0;0;1
Nera & Charlie;0;0;1;0;0
Nelly Furtado;0;0;0;1;0
Nell Campbell;0;0;1;0;0
Nek;1;0;0;0;0
Negramaro;0;0;0;1;0
Neeka;0;0;0;1;0
Ned Doheny;0;0;1;0;0
NebeZAO;0;0;1;0;0
Nea;0;0;0;0;1
Nathan Fake;0;0;0;1;0
Nate Dogg;0;0;0;1;0
Natascha;0;0;0;1;0
Natan;0;0;0;0;1
Natalie Cole;0;0;1;0;0
Nat King Cole;0;0;1;0;0
Nancy Sinatra;0;0;1;0;0
Nalin & Kane;0;0;1;0;0
'N Sync;0;0;0;0;1
n Sync;1;0;0;0;0
Mya;1;0;0;0;0
Mustafa Akbar;0;0;0;1;0
Music Travel Love;0;0;1;0;0
Murray Head;1;0;0;0;0
MÜNCHNER FREIHEIT;0;1;0;0;0
Münchener Freiheit;0;0;1;0;0
Mumford & Sons;0;0;1;0;0
Mr. Mister;1;0;0;0;0
Mr. Big;0;0;1;0;0
Mozzik;0;0;0;0;1
Moss Kena;0;0;0;0;1
Monty Alexander;0;0;1;0;0
Montell Jordan;0;0;1;0;0
Monkey Boots;0;0;1;0;0
Moloko;0;0;1;0;0
MOLLY HAMMAR;0;0;0;1;0
Modjo Band;0;0;1;0;0
Modeselektor;1;0;0;0;0
Moca;0;0;1;0;0
Missy Elliott;0;0;1;0;0
MISS PLATNUM;0;1;0;0;0
Miriam Makeba;0;0;1;0;0
Minnie Rock;1;0;0;0;0
Mind Enterprises;0;0;0;1;0
Milow;0;0;0;1;0
Milli Vanilli;1;0;0;0;0
MILKANDSUGAR;0;1;0;0;0
Miljö;0;0;1;0;0
Miley Cyrus;0;0;1;0;0
Miksu;0;0;0;0;1
Mike Mago;0;0;0;0;1
Mike Leon Grosch;1;0;0;0;0
Mike Candys;0;0;0;0;1
MIKE AND THE MECHANICS;0;1;0;0;0
Mika;0;0;1;0;0
Miguel;1;0;0;0;0
Mighty Mouse;0;0;1;0;0
Miggy Dela Rosa;0;0;0;0;1
MIDNIGHT OIL;0;1;0;0;0
Michelle;1;0;0;0;0
Michel Sardou;0;0;1;0;0
Michael Wycoff;0;0;1;0;0
Michael Sembello;1;0;0;0;0
Michael McDonald;0;0;1;0;0
Michael Holm;1;0;0;0;0
Michael Bublé;0;0;1;0;0
Michael Buble;0;0;1;0;0
MIchael Ball;0;0;0;0;1
Micar;0;0;0;0;1
Miami Sound Machine;0;0;1;0;0
Mia.;0;0;1;0;0
Men at Work;0;0;1;0;0
Melanie Thornton;0;0;0;0;1
Melanie C;0;0;1;0;0
Meghan Trainor;0;0;1;0;0
Meduza;0;0;0;0;1
MEDLEYANDWARNES;0;1;0;0;0
Meat Loaf;1;0;0;0;0
McFly;0;0;1;0;0
MC Hammer;0;0;1;0;0
MAYNARD FERGUSON;0;0;0;1;0
Maxx Dance;0;0;1;0;0
Maxwell;0;0;1;0;0
MaxRiven;0;0;0;0;1
Maximus;0;0;1;0;0
Maxim Illion;0;0;1;0;0
MAXI PRIEST;0;1;0;0;0
Max Raabe;0;0;0;1;0
Max Mutzke;0;0;1;0;0
Max Lengert;1;0;0;0;0
Max Greger;0;0;1;0;0
Max Giesinger;0;0;0;0;1
Max Frost;0;0;0;0;1
Max David;0;0;0;0;1
Max + Johann;0;0;0;0;1
Maurice Williams;1;0;0;0;0
Matty Valentino;0;0;0;1;0
MattOfficiel;0;0;0;0;1
Matthew Koma;0;0;0;0;1
Matteo Brancaleoni;0;0;0;1;0
Mather;0;0;1;0;0
Masters;0;0;1;0;0
Masterboy;1;0;0;0;0
Massive Attack;0;0;1;0;0
Massimo Vanoni;0;0;1;0;0
Marvin;0;0;0;1;0
MARTERIA YASHA;0;1;0;0;0
Marta Jandová;0;0;0;0;1
Marshal Jefferson;1;0;0;0;0
Marquess;0;0;0;0;1
Marlon Roudette;0;0;0;0;1
Marlene Dietrich;0;0;1;0;0
Markus P;1;0;0;0;0
MARKUS BECKER;0;1;0;0;0
MARKUS;0;1;0;0;0
Mark Morrison;0;0;1;0;0
Marius Müller-Westernhagen;0;0;1;0;0
MARIO JORDAN;0;1;0;0;0
Marilyn Manson;0;0;1;0;0
MARILLION;0;1;0;0;0
Mariah Carey;0;0;1;0;0
Marcus Layton;0;0;1;0;0
Marcos Valle;0;0;1;0;0
Marco Kloss;1;0;0;0;0
Marcel Romanoff;1;0;0;0;0
Marc Scibilia;0;0;0;0;1
Marc Pircher;1;0;0;0;0
MARC ANTOINE;0;1;0;0;0
MARASKINO;0;0;1;0;0
Manny Marc;0;0;0;0;1
Manfred Mann´s Earth Band;0;0;0;0;1
Manfred Mann;0;0;1;0;0
Måneskin;0;0;1;0;0
Mandy Capristo;1;0;0;0;0
Maluma;0;0;1;0;0
Malcolm McLaren;0;0;1;0;0
Maitre Gims;0;0;0;0;1
Mahogany;0;0;1;0;0
Madzart;0;0;0;0;1
Mad'house;1;0;0;0;0
MADCON;0;1;0;0;0
Mad Mark;0;0;0;0;1
Macloud;0;0;0;0;1
Maceo Plex;0;0;0;1;0
M83;0;0;0;0;1
M.I.A.;0;0;1;0;0
M PEOPLE;0;1;0;0;0
Lyrics Born;0;0;0;1;0
Lynyrd Skynyrd;1;0;0;0;0
Luxxury;0;0;1;0;0
Lux Experience;0;0;1;0;0
LUTRICIA MCNEAL;0;1;0;0;0
Luther Vandross;0;0;1;0;0
LUNATIC SOUL;0;1;0;0;0
Luna Pop;0;0;0;1;0
LUMINOUS;0;1;0;0;0
LUM!X;0;0;0;0;1
Lulu and the Luvers;0;0;1;0;0
LULU;1;0;0;0;0
Luigi Ferrari;1;0;0;0;0
Lucilectric;1;0;0;0;0
Luciano;0;0;0;0;1
Lucho Bermúdez;0;0;1;0;0
Lucas Finn;1;0;0;0;0
Luca Fogale;0;0;1;0;0
Lu Colombo;0;0;0;1;0
LP;0;0;0;1;0
Love Unlimited Orchestra;0;0;1;0;0
Louis Theroux;1;0;0;0;0
Louis Prima;0;0;1;0;0
Louis Armstrong;0;0;1;0;0
Lou Reed;0;0;0;1;0
Los Lobos;0;0;1;0;0
Los Fabulosos Cadillacs;0;0;1;0;0
Los Del Mar;0;0;0;1;0
Lorna;0;0;1;0;0
Loredana;0;0;0;0;1
Loose Change;0;0;1;0;0
Loona;0;0;0;0;1
Long & Junior;1;0;0;0;0
Londonbeat;0;0;1;0;0
Lolita;0;0;1;0;0
Lola Marsh;0;0;0;1;0
Łobuzy;1;0;0;0;0
Llorca;0;0;1;0;0
Lizzo;0;0;1;0;0
LIZOT;0;0;0;0;1
Livingston Taylor;0;0;1;0;0
Little Richard;0;0;1;0;0
Little Mix;0;0;1;0;0
Little Big;0;0;1;0;0
Lisa Wahlandt;0;0;1;0;0
Lisa Stansfield;0;0;1;0;0
LISA LAUREN;0;1;0;0;0
Lipps, Inc.;0;0;1;0;0
Lionel Hampton;0;0;1;0;0
Linkin Park;1;0;0;0;0
Linda Lyndell;0;0;1;0;0
L'Impératrice;0;0;1;0;0
Lily Allen;0;0;1;0;0
Lil Nas X;0;0;1;0;0
Lil' Kleine;0;0;1;0;0
Lil' Kim;1;0;0;0;0
Lil' Jon;0;0;1;0;0
Like Mike;0;0;0;0;1
LIGHTHOUSE FAMILY;0;1;0;0;0
Lifehouse;0;0;1;0;0
Liaze;0;0;0;0;1
Les Claudettes;0;0;1;0;0
Leroy Gomez;0;0;1;0;0
Leonard Cohen;0;0;1;0;0
Leon Machère;1;0;0;0;0
LEON MACHÉRE;0;0;0;0;1
Leo Sayer;0;0;1;0;0
LENNOX LOUIS;1;0;0;0;0
Leningrad Cowboys;0;0;1;0;0
Lena;0;0;1;0;0
Lemar;0;0;1;0;0
Leee John;0;0;1;0;0
Lee Cabrera;0;0;0;1;0
Lea;0;0;1;0;0
Lauren Bennett;1;0;0;0;0
Laurell;0;0;0;1;0
Laura Fygi;0;0;0;1;0
Laura Branigan;0;0;0;0;1
Latin Flavour;0;0;1;0;0
Latimore;0;0;0;1;0
Laserkraft 3D;0;0;0;1;0
Larsito;1;0;0;0;0
L'Arpeggiata;0;0;1;0;0
Landon Austin;0;0;1;0;0
Lagique;0;0;0;0;1
Labrinth;0;0;1;0;0
LaBrassBanda;0;0;1;0;0
La Vision;0;0;0;1;0
La Mosca Tse-Tse;0;0;1;0;0
La Lupe;0;0;1;0;0
Kyoto Jazz Massive;0;0;1;0;0
Kurdo;0;0;0;0;1
Kuhl un de Gäng;0;0;1;0;0
Kruder;0;0;1;0;0
Kranium;0;0;0;1;0
Kraak & Smaak;0;0;0;1;0
Koop;0;0;0;1;0
KOOL AND THE GANG;0;1;0;0;0
Kooks, the;0;0;1;0;0
Koniec;0;0;0;1;0
Kölsch;0;0;0;0;1
Kollektiv Turmstrasse;0;0;1;0;0
Kokoroko;0;0;0;1;0
Klüngelköpp;0;0;1;0;0
Klingande;0;0;0;1;0
KlangKuenstler;0;0;1;0;0
Kitty Kat;0;0;0;0;1
Kinky;0;0;0;1;0
Kings of Leon;0;0;1;0;0
Kingdon;0;0;1;0;0
King Harvest;0;0;0;1;0
King Africa;0;0;0;1;0
Kim Wilde;1;0;0;0;0
Kim Carnes;1;0;0;0;0
Kilotile;1;0;0;0;0
Kiesza;0;0;1;0;0
KID ROCK;1;0;0;0;0
Kid Ink;0;0;0;0;1
Kid Creole;0;0;1;0;0
Khruangbin;0;0;0;1;0
K-Hand;0;0;0;1;0
Keziah Jones;0;0;0;1;0
Kevin McKay;0;0;0;1;0
Kettcar;0;0;1;0;0
Kenny Loggins;1;0;0;0;0
Kenny G;0;0;1;0;0
KEN ROSS;0;1;0;0;0
Kelly Clarkson;0;0;1;0;0
Kelis;0;0;1;0;0
Keane;0;0;1;0;0
K-CI;0;0;1;0;0
KATO;0;0;0;0;1
Katie Melua;0;0;1;0;0
Katharina Nuttall;0;0;1;0;0
KATE YANAI;0;1;0;0;0
Kate the Cat;0;0;1;0;0
Kate Ryan;0;0;0;0;1
Kate Bush;0;0;1;0;0
Kasalla;0;0;1;0;0
Kartel Del Mambo;0;0;0;1;0
Karen Souza;0;0;1;0;0
Karel Gott;1;0;0;0;0
KAOMA;1;0;0;0;0
Kamasi Washington;0;0;1;0;0
Kalin Twins;0;0;1;0;0
Kacey Musgraves;0;0;1;0;0
K.Maro;0;0;1;0;0
k.d. lang;0;0;1;0;0
K Camp;1;0;0;0;0
Justice;0;0;1;0;0
Just Kiddin;0;0;0;0;1
Junior Senior;0;0;1;0;0
Junior Jack;0;0;0;1;0
Jungle;0;0;1;0;0
Juls;1;0;0;0;0
Julie London;0;0;1;0;0
Jude & Frank;0;0;0;1;0
Juanes;0;0;1;0;0
Juan Magan;0;0;1;0;0
Joss Stone;0;0;1;0;0
Josh;1;0;0;0;0
José Mangual Jr.;0;0;0;1;0
Jose 'El Canario' Alberto;0;0;1;0;0
José De Rico;0;0;1;0;0
Jörg Bausch;1;0;0;0;0
Jordan & Baker;0;0;0;0;1
Joni Mitchell;0;0;1;0;0
Jonas Blue;0;0;1;0;0
Joker Bra;0;0;0;1;0
Jojo Effect;0;0;1;0;0
Jojo;0;0;1;0;0
Johnson, Laurie Orchestra;0;0;1;0;0
JOHNNY WAKELIN;0;1;0;0;0
JOHNNY HATES JAZZ;0;1;0;0;0
Johnny Hamp's Kentucky Serenaders;0;0;1;0;0
John Williams;1;0;0;0;0
JOHN SECADA;0;1;0;0;0
John Ryan;0;0;0;1;0
John Murphy;0;0;1;0;0
JOHN DENVER;0;1;0;0;0
John Buzon Trio;0;0;1;0;0
Joe Cuba Sextet;0;0;1;0;0
Joe Arroyo;0;0;1;0;0
Jocelyn Brown;0;0;1;0;0
Jocelyn B. Smith;0;0;0;0;1
Joachim Garraud;0;0;0;0;1
JIMMY NAIL;0;1;0;0;0
Jimmy Messina;0;0;1;0;0
Jimmy McGriff;0;0;1;0;0
Jimi Tenor;0;0;0;1;0
Jim Jamison;0;0;0;1;0
JETHRO TULL;0;1;0;0;0
Jet;0;0;1;0;0
Jestofunk;0;0;0;1;0
Jessica Gall;0;0;1;0;0
Jesper Munk;0;0;1;0;0
Jerry Lee Lewis;1;0;0;0;0
Jermaine Jackson;0;0;1;0;0
Jennifer Warnes;1;0;0;0;0
Jennifer Lawrence;0;0;0;1;0
Jeff Cascaro;0;0;1;0;0
Jean Carn;0;0;1;0;0
Jean Aubergine;0;0;1;0;0
Jazzkantine Mit Smudo;0;0;0;1;0
Jazzanova;0;0;0;1;0
Jazzamor;0;0;1;0;0
Jazz Against The Machine;0;0;1;0;0
Jaymes Young;0;0;0;0;1
Jay Z;0;0;0;1;0
Jax Jones;0;0;0;0;1
Jawsh 685;0;0;1;0;0
Jasper van't Hofs Pili Pili;0;0;1;0;0
Jasmin Tabatabai;0;0;1;0;0
Jarabe de Palo;0;0;0;1;0
Janieck;0;0;0;0;1
JAMIE N COMMONS;0;1;0;0;0
Jamie Foxx;0;0;0;0;1
James Newton Howard;0;0;0;1;0
JAMES MORRISON;0;1;0;0;0
James Last;1;0;0;0;0
James Hype ;0;0;0;1;0
James Hype;0;0;0;0;1
James Brown;0;0;1;0;0
James Bay;0;0;1;0;0
Jalja;0;0;0;1;0
Jackson 5;0;0;1;0;0
Jackie Wilson;0;0;1;0;0
Jack Radics;0;0;1;0;0
Jack Back;0;0;0;0;1
J.J. Cale;0;0;0;1;0
J Del Alma;1;0;0;0;0
J Balvin;0;0;0;1;0
Izo FitzRoy;0;0;1;0;0
Ivy Quainoo;0;0;1;0;0
IVE MENDES;0;1;0;0;0
IT'S IMPERIAL;0;1;0;0;0
Israel Kamakawiwo'ole;1;0;0;0;0
Isley Brothers;0;0;1;0;0
Irene Cara;1;0;0;0;0
INXS;0;1;0;0;0
Intro;0;0;1;0;0
Ingrosso;0;0;1;0;0
INGO OHNE FLAMINGO;0;1;0;0;0
Indigo Jazzlounge;0;0;1;0;0
INDEEP;1;0;0;0;0
Imagination;0;0;1;0;0
Il Santo;0;0;1;0;0
IKE TURNER;0;1;0;0;0
Ike & Tina Turner;0;0;1;0;0
Ignition;0;0;1;0;0
IGGY POP;1;0;0;0;0
Idris Muhammed;0;0;1;0;0
Idina Menzel;0;0;0;0;1
IDEAL;0;1;0;0;0
Ida Maria;0;0;1;0;0
Ice Cube;0;0;1;0;0
Ibo;1;0;0;0;0
Ian Pooley;0;0;1;0;0
Human League;0;0;1;0;0
Hugh Jackman;0;0;1;0;0
Hugel;0;0;0;0;1
Housemartins;0;0;1;0;0
Hot'n' Juicy;1;0;0;0;0
Hot Chocolate;0;0;1;0;0
HOSH;0;0;0;1;0
Horst Jankowski;0;0;1;0;0
HOOTERS;1;0;0;0;0
HONEYROOT;0;1;0;0;0
Holly Johnson;1;0;0;0;0
Hildegard Knef;0;0;1;0;0
HERMES HOUSE BAND;1;0;0;0;0
Herbert Pixner Projekt;0;0;0;1;0
Herbert Pixner;0;0;0;1;0
Herb Alpert;0;0;1;0;0
Henry Mancini and His Orchestra;0;0;1;0;0
HENRY & THE FUN COMPANY;1;0;0;0;0
Henning Wehland;0;0;1;0;0
Helsloot;0;0;0;0;1
Hello;0;0;1;0;0
Helen Schneider;0;0;1;0;0
HEATHER SMALL;0;1;0;0;0
Harlem Underground Band;0;0;1;0;0
Hannah White;0;0;1;0;0
Handsome Boy Modeling School;0;0;0;1;0
Hanarossa;0;0;0;1;0
Hailee Steinfeld;0;0;0;0;1
Haidie;0;0;0;0;1
Haddayway;0;0;0;1;0
Gzuz;1;0;0;0;0
Gwyneth Herbert;0;0;1;0;0
Gwen McCrae;0;0;1;0;0
GUNS N'ROSES;1;0;0;0;0
Guillermo Marchena;1;0;0;0;0
Guano Apes;0;0;1;0;0
Grover Washington, Jr.;0;0;1;0;0
GROVER WASHINGTON;0;1;0;0;0
Grossstadtgeflüster;0;0;0;0;1
Groove Coverage;0;0;0;1;0
Groove Connection;0;0;0;1;0
Groove Armada;0;0;0;1;0
Gregor Salto;0;0;1;0;0
Greg Wilson;0;0;1;0;0
GREG KIHN BAND;0;1;0;0;0
GREEN DAY;0;1;0;0;0
GREEK ZORBA;0;1;0;0;0
Graham Candy;0;0;0;1;0
Graciela Coelho;0;0;1;0;0
Grace Kelly;0;0;1;0;0
GRACE JONES;0;1;0;0;0
Götz Alsmann;0;0;1;0;0
Gottlieb Wendehals;0;0;0;0;1
Gotan Project;0;0;1;0;0
Gossip;0;0;1;0;0
Gorillaz;0;0;1;0;0
GoonRock;0;0;1;0;0
GOODBOYS;1;0;0;0;0
Golec uOrkiestra;0;0;1;0;0
Goldstone;0;0;1;0;0
Gnarls Barkley;0;0;0;1;0
Gloria Jones;0;0;1;0;0
Global Deejays;0;0;0;1;0
Gladys Knight;0;0;1;0;0
Girl Talk;0;0;1;0;0
Giovanni Battista;0;0;1;0;0
Giorgio Moroder;0;0;0;1;0
Gigliola Cinquetti;0;0;0;1;0
Gibson Brothers;0;0;1;0;0
GIANT ROOKS;0;1;0;0;0
Get Down Edits;0;0;1;0;0
Geri Halliwell;0;0;0;1;0
Geraldo Pino;0;0;1;0;0
GEORGES BENSON;0;1;0;0;0
GEORGE MCCRAE;0;1;0;0;0
George Harrison;0;0;1;0;0
George Ezra;0;0;0;1;0
Gentleman;0;0;1;0;0
Gente De Zona;0;0;1;0;0
Genesis;0;0;1;0;0
GEIER STURZFLUG;1;0;0;0;0
Gavin James;0;0;0;0;1
Gatebo;1;0;0;0;0
GARY MOORE;1;0;0;0;0
Gary Barlow;0;0;1;0;0
Garage Disco Band  ;0;0;0;1;0
Galliano;0;0;1;0;0
Gabriel Rios;0;0;0;1;0
Gabriel Ananda;0;0;0;1;0
Gabin;0;0;0;1;0
G!;0;0;0;0;1
Funkadelic;0;0;0;1;0
Funk D;1;0;0;0;0
Fünf Sterne Deluxe;0;0;1;0;0
Fugees;1;0;0;0;0
FS Green;0;0;1;0;0
FRITZ & THE CATS;1;0;0;0;0
FRENCH AFFAIR;1;0;0;0;0
Freejak;0;0;0;0;1
FREDDIE RAVEL;0;1;0;0;0
Freddie Jackson;0;0;1;0;0
Fred Schreiber & Das große Komplott;0;0;1;0;0
Fred Astaire;0;0;0;1;0
Fred Again;0;0;0;1;0
FREAKPOWER;0;1;0;0;0
Freak Power;0;0;0;1;0
FRAUENARZT AND MANNY MARC;0;1;0;0;0
Frauenarzt;0;0;0;0;1
Fratellis;0;0;1;0;0
FRANK ZAPPA;1;0;0;0;0
FRANK ZANDER;0;1;0;0;0
Frank Ocean;0;0;1;0;0
Franco Piccolini;1;0;0;0;0
Francesco Cofano;0;0;0;1;0
Four Tops, the;0;0;1;0;0
FOUR TOPS;0;1;0;0;0
Fort Knox Five;0;0;0;1;0
Format B;0;0;0;0;1
Foreigner;0;0;1;0;0
Fools Garden;0;0;1;0;0
Folklabor;0;0;1;0;0
Fly Project;0;0;1;0;0
Florence Welch;0;0;0;0;1
Florence + the Machine;0;0;1;0;0
Floor Jansen;0;0;1;0;0
Fleur East;0;0;1;0;0
Flat Eric;1;0;0;0;0
Flamingosis;0;0;1;0;0
Flamingo Star;0;0;1;0;0
Fine Young Cannibals;0;0;1;0;0
Fifth Harmony;0;0;1;0;0
Fifth Dimension;0;0;1;0;0
FELIX DE LUXE;0;1;0;0;0
Fedde LeGrand;0;0;1;0;0
Fats Domino;0;0;1;0;0
Fake Pictures;0;0;1;0;0
FabioLous Barker;0;0;1;0;0
Fäaschtbänkler;0;0;0;1;0
EXTRABREIT;0;1;0;0;0
Extazy;1;0;0;0;0
EXODUS QUARTET;0;1;0;0;0
Exaited;1;0;0;0;0
Evelyn;0;0;0;0;1
Eve;0;0;1;0;0
Eva St. Jones;0;0;1;0;0
Eva Simons;0;0;0;0;1
Eva Cassidy;0;0;1;0;0
Eule;0;0;0;1;0
Euge Groove;0;0;1;0;0
Estelle;0;0;1;0;0
Erika de Casier;0;0;1;0;0
Eric Frantzen Chor & Orchester;0;0;1;0;0
Enzo Siffredi;0;0;1;0;0
ENUR;0;0;1;0;0
Endor;0;0;0;0;1
En Vogue;0;0;1;0;0
EMPRESS LATOYAH;0;1;0;0;0
EMMA BUNTON;0;1;0;0;0
Emiliana Torrini;0;0;1;0;0
Emilee;0;0;0;1;0
Elvis Crespo;0;0;0;0;1
Ella Eyre;0;0;0;0;1
Elkie Brooks;0;0;1;0;0
Eliane Elias;0;0;1;0;0
Electric Light Orchestra;0;0;1;0;0
El Cata;0;0;1;0;0
Eierplätzchenbänd;0;0;1;0;0
EDX;0;0;0;0;1
Edwin Hawkins Singers;0;0;1;0;0
Edmundo Ros & His Orchestra;0;0;1;0;0
Editors;0;0;1;0;0
Edith Piaf;0;0;1;0;0
Edie Brickell;0;0;1;0;0
Eddie Rabbitt;1;0;0;0;0
Eddie Cochran;0;0;1;0;0
Eartha Kitt;0;0;1;0;0
EARL KLUGH;0;1;0;0;0
Eagles;0;0;1;0;0
EAGLE-EYE CHERRY;0;1;0;0;0
E NOMINE;0;1;0;0;0
Dylan Rockoff;0;0;1;0;0
DVBBS;0;0;0;0;1
Dusty Springfield;0;0;1;0;0
DURAN DURAN;1;0;0;0;0
Duke Dumont;0;0;1;0;0
Duke & Jones;1;0;0;0;0
Duck Sauce;0;0;0;0;1
Dru Hill;0;0;1;0;0
Dropkick Murphys;0;0;1;0;0
Drop Out Orchestra;0;0;1;0;0
Dragonette;0;0;0;0;1
Drafi Deutscher;1;0;0;0;0
Dr. Dre;0;0;1;0;0
Dr Hook;0;0;0;1;0
Dove Cameron;1;0;0;0;0
DOUBLE;0;1;0;0;0
Doris Day;1;0;0;0;0
Doors, the;0;0;1;0;0
DONATI;0;1;0;0;0
Donald Fagen;0;0;1;0;0
Don Grusin;0;0;1;0;0
Doja Cat;0;0;1;0;0
Dobie Gray;0;0;1;0;0
DMX;1;0;0;0;0
DJ TOP;0;0;0;0;1
Dj Tonka;1;0;0;0;0
DJ Tobi Schagen;0;0;0;0;1
DJ The Wave;1;0;0;0;0
DJ Romain;0;0;1;0;0
DJ ROBIN AND SCHÜRZE;0;1;0;0;0
DJ POL465;0;0;0;0;1
DJ Olde;0;0;0;0;1
DJ Mike Hoffmann;0;0;0;0;1
dj mam;0;0;0;1;0
DJ Lhasa;0;0;0;1;0
Dj Laurel;0;0;1;0;0
DJ Khaled;0;0;1;0;0
DJ Keule ;0;0;0;0;1
DJ Kass;0;0;1;0;0
DJ Jazzy Jeff & Fresh Prince;0;0;1;0;0
DJ Daidol;0;0;1;0;0
Dj Cashi;1;0;0;0;0
DIVA;0;1;0;0;0
DISCOBOYS;1;0;0;0;0
Disco Sugar;0;0;0;0;1
Disco Polo;0;0;1;0;0
Disco Boys;0;0;1;0;0
Disclosure;0;0;1;0;0
Dionne Warwick;0;0;1;0;0
Dimitri Vegas;0;0;0;0;1
Dimitri From Paris;0;0;1;0;0
Digital Farm Animals;0;0;0;1;0
Dieter Thomas Kuhn;0;0;1;0;0
Die Zipfelbuben;1;0;0;0;0
Die sind ja;1;0;0;0;0
DIE SCHLAGERPILOTEN;0;1;0;0;0
DIE PRINZEN;0;1;0;0;0
Die Partykids;0;0;0;0;1
Die Orsons;0;0;1;0;0
Die Falschen Freunde;0;0;0;1;0
Die Doofen;1;0;0;0;0
Dido;0;0;1;0;0
Diana Martinez;0;0;1;0;0
Diana Krall;0;0;1;0;0
Diana King;1;0;0;0;0
Des'Ree;0;0;1;0;0
DESREE;1;0;0;0;0
Derrick James;0;0;1;0;0
Dermot Kennedy;0;0;0;0;1
Denis First;0;0;0;0;1
Deni Hines;1;0;0;0;0
Demi Lovato;1;0;0;0;0
DELEGATION;0;1;0;0;0
Deepend;0;0;0;1;0
Deep Tenor City;0;0;1;0;0
Deep Purple;0;0;1;0;0
DeeJay A.N.D.Y.;0;0;0;0;1
Deee-Lite;0;0;1;0;0
Dee C. Lee;0;0;1;0;0
Debonair;0;0;1;0;0
Dean Martin;0;0;1;0;0
De Boore & Bärchen;1;0;0;0;0
DCUP;0;0;0;0;1
D-Bomb;1;0;0;0;0
David Sanborn;0;0;1;0;0
David Max;0;0;1;0;0
DAVID LEE ROTH;0;0;0;1;0
David Hughes;0;0;1;0;0
David Guetta Feat. Sia;0;0;0;1;0
David Dundas;1;0;0;0;0
David Bowie;0;0;1;0;0
DAVE STEWART;0;1;0;0;0
Dave Brubeck Quartet;0;0;1;0;0
Das Bo;0;0;0;0;1
DANNY KAYE;0;1;0;0;0
Danny & The Juniors;0;0;1;0;0
Dandy Warhols;0;0;1;0;0
DAN HARTMANN;0;1;0;0;0
Dalida & Alain Delon;0;0;1;0;0
Dalida;0;0;1;0;0
CUTTING CREW;0;1;0;0;0
Curbi;0;0;0;0;1
CULTURED PEARLS;0;1;0;0;0
Cubaneros Salsa Dance;0;0;0;0;1
Crystal Waters;0;0;1;0;0
Crump;0;0;1;0;0
CROWDED HOUSE;0;1;0;0;0
Creedance Clearwater Revival;1;0;0;0;0
Crazibiza;0;0;0;0;1
CRASH TEST DUMMIES;0;1;0;0;0
Craig David;0;0;1;0;0
Coralie Clément;0;0;1;0;0
CORALIE CLEMENT;0;1;0;0;0
Cora;1;0;0;0;0
Cook Robin;1;0;0;0;0
Contours;0;0;1;0;0
Conor Byrne;0;0;1;0;0
Connie Francis;1;0;0;0;0
Conkarah;1;0;0;0;0
Commodores;0;0;1;0;0
Colbie Caillat;0;0;1;0;0
COCO FREEMAN;0;1;0;0;0
CNCO;0;0;1;0;0
CLOWNS AND HELDEN;0;1;0;0;0
Claudia Jung;0;0;0;1;0
Clash, the;0;0;1;0;0
Claptone;0;0;0;0;1
Civo;1;0;0;0;0
CITY;0;1;0;0;0
CHURCH;0;1;0;0;0
Chumbawamba;0;0;1;0;0
Christoph Spendel;0;0;1;0;0
Christine and the Queens;0;0;1;0;0
Christina Pluhar;0;0;1;0;0
Chris Willis;0;0;0;0;1
Chris Wacup;0;0;0;0;1
Chris Rabatz;1;0;0;0;0
Chris Norman;0;0;0;1;0
Chris de Burgh;0;0;1;0;0
Chris Brown;1;0;0;0;0
CHRIS BOTTI;0;1;0;0;0
Chordettes;0;0;1;0;0
Chino & Nacho;0;0;1;0;0
Chichi Peralta;0;0;1;0;0
Cher And Sonny;1;0;0;0;0
Chart Kids;0;0;0;0;1
Charli Xcx;0;0;1;0;0
Charles J;0;0;0;0;1
Charles Gray;0;0;1;0;0
Charles Dutoit;0;0;1;0;0
Charles & Eddie;1;0;0;0;0
Chaos Team;1;0;0;0;0
CHANNEL 5;0;1;0;0;0
Change;0;0;1;0;0
Champs, the;0;0;1;0;0
CHAKA DEMUS & PILERS;1;0;0;0;0
Chaka Demus;0;0;1;0;0
Cerrone;0;0;1;0;0
CELSO MENDES ;0;1;0;0;0
Celestal;0;0;0;1;0
CECE PENISTON;0;1;0;0;0
Cautious Arc;0;0;1;0;0
Caught in the Act;0;0;1;0;0
Caterina Valente;0;0;1;0;0
Cat Stevens;0;0;1;0;0
Cat Ballou;0;0;1;0;0
Cassandra Steen;1;0;0;0;0
Cassandra Melt;0;0;1;0;0
Carpenters;0;0;1;0;0
Carole King;0;0;1;0;0
Carol Douglas;0;0;1;0;0
Caro Emerald;0;0;1;0;0
Carly Simon;0;0;1;0;0
Carl Perkins;0;0;1;0;0
Captain Jack;0;0;0;1;0
Camilo;0;0;1;0;0
Camille;0;0;1;0;0
CAMIEL;0;1;0;0;0
Cameraman the Rapper;0;0;0;0;1
Calvin;1;0;0;0;0
Calippo;0;0;0;0;1
C+C Music Factory;0;0;1;0;0
Busy Signal;0;0;1;0;0
BUSTER POINDEXTER;1;0;0;0;0
Busta Rhymes;0;0;1;0;0
BURNS;0;0;0;0;1
BÜRGER LARS DIETRICH;1;0;0;0;0
Burak Yeter;0;0;1;0;0
Buffalo Springfield;0;0;1;0;0
Buena Vista Social Club;0;0;1;0;0
Budapest Film Orchestra And Choir;0;0;0;0;1
BRUCE HORNSBY;0;1;0;0;0
Bruce Channel;1;0;0;0;0
Brothers of Hope;0;0;1;0;0
Brooke Fraser;0;0;1;0;0
Bright Eyes;0;0;1;0;0
Brian Briggs;0;0;1;0;0
BRAN VAN 3000;0;0;0;1;0
Boz Scaggs;0;0;1;0;0
Boyzone;1;0;0;0;0
Boyz II Men;0;0;1;0;0
Boys;1;0;0;0;0
Bow Anderson;1;0;0;0;0
Boston;0;0;1;0;0
BOSSE;0;1;0;0;0
Bossa Rio;0;0;1;0;0
Bossa Lounge Project;0;0;1;0;0
Borgeous;0;0;0;0;1
Boozoo Bajou;0;0;1;0;0
Boots Randolph;0;0;1;0;0
Boore;0;0;1;0;0
BONEY M;0;1;0;1;0
Bobby Womack;0;0;1;0;0
Bobby McFerrin;0;0;1;0;0
Bobby Hackett;0;0;1;0;0
Bob Seger;0;0;1;0;0
Bob Marley & The Wailers;0;0;0;0;1
Bob Baldwin;0;0;1;0;0
BLUEZEUM;0;1;0;0;0
Blues Brothers;0;0;1;0;0
Blue Lagoon;1;0;0;0;0
Blue;1;0;0;0;0
BLOW MONKEYS;0;1;0;0;0
Blossom Dearie;0;0;1;0;0
Blondee;0;0;0;0;1
Blonde;0;0;1;0;0
Block & Crown;0;0;0;1;0
Blink-182;0;0;1;0;0
Blaskapelle;0;0;1;0;0
Blankenlocher Pfinzspatzen;1;0;0;0;0
BLANK AND JONES;0;1;0;0;0
BLACKPINK;0;0;1;0;0
BLACKNUSS;0;1;0;0;0
Black Machine;0;0;1;0;0
Black Kappa;0;0;0;0;1
Bläck Fööss;0;0;1;0;0
Black Blood;0;0;0;0;1
BLACK & WHITE BROTHERS;1;0;0;0;0
Bing Crosby;0;0;1;0;0
Billy Idol;0;0;1;0;0
Billy Butterfiled;0;0;1;0;0
Bill Medley;1;0;0;0;0
Bill Haley & his Comets;0;0;1;0;0
Bill Haley;1;0;0;0;0
Bill Curtis;0;0;1;0;0
Big Mountain;0;0;1;0;0
Big Kölsch Orchestra;0;0;1;0;0
Biffy Clyro;0;0;1;0;0
Beyonce;0;0;1;0;0
Betty Everett;0;0;1;0;0
Bert Kaempfert & his Orchestra;0;0;1;0;0
Bert Kaempfert;0;0;1;0;0
BERNHARD BRINK;0;1;0;0;0
Berk and the Virtual Band;0;0;0;1;0
Benny Benassi;0;0;0;0;1
Ben Zucker;0;0;0;0;1
Ben Eggs;0;0;1;0;0
BELOUIS SOME;0;1;0;0;0
BEKAY;0;0;0;0;1
Beginner;0;0;1;0;0
Becky Hill;0;0;0;0;1
Becci;0;0;0;0;1
Bebe Rexha;0;0;0;0;1
Beatles, the;0;0;0;0;0
Beatgees;0;0;0;0;1
Beanfield;0;0;1;0;0
Beach Boys;0;0;1;0;0
B-Case;0;0;0;0;1
bbno$;0;0;1;0;0
Bazeado;0;0;1;0;0
BAUSA;0;0;0;0;1
Bat For Lashes;0;0;1;0;0
Bastille;0;0;1;0;0
Basta;1;0;0;0;0
Barry Manilow;0;0;1;0;0
Barden Bellas;0;0;1;0;0
BARCLAY JAMES HARVEST;1;0;0;0;0
Barbie Gaye;0;0;1;0;0
Barbara Acklin;0;0;1;0;0
Barb Jungr;0;0;1;0;0
BAP;0;0;1;0;0
Ballin' Jack;0;0;1;0;0
Baha Men;0;0;1;0;0
Baby Lores;0;0;1;0;0
Baby K;0;0;0;1;0
B. Devotion;0;0;1;0;0
Azymuth;0;0;1;0;0
Ayo;0;0;1;0;0
Ayman;1;0;0;0;0
Axwell;0;0;1;0;0
Axel F;0;0;0;0;1
Avril Lavigne;0;0;1;0;0
Average White Band;0;0;1;0;0
Augusto Alguero;0;0;1;0;0
Auf Pomali;0;0;1;0;0
Atomic Kitten;1;0;0;0;0
A-TEENS;0;1;0;0;0
Asaf Avidan & The Mojos;0;0;1;0;0
Ärzte;0;0;1;0;0
Arthur Conley;0;0;1;0;0
Artful Dodger;0;0;1;0;0
Art Company;0;0;1;0;0
Armin Van Buuren;0;0;1;0;0
Archie Bell;0;0;1;0;0
Antônio Carlos Jobim;0;0;1;0;0
Antonio Carlos Jobim;0;0;1;0;0
Antonio Banderas;0;0;1;0;0
Anthony B.;0;0;1;0;0
Anne-Marie;0;0;1;0;0
Anna Naklab;0;0;0;0;1
ANNA MARIA JOPEK;0;1;0;0;0
Anitta;0;0;0;0;1
Anita Ward;0;0;1;0;0
Anita O'Day;0;0;1;0;0
Angelika Vee;0;0;0;0;1
Andrew Sisters;0;0;1;0;0
Andrea Bocelli;0;0;0;1;0
Andrea Berg;1;0;0;0;0
Andre;0;0;1;0;0
Anakelly;0;0;1;0;0
Ana Costa;0;0;1;0;0
Amr Diab;0;0;1;0;0
Amo Amo;0;0;0;1;0
Ambrosia;0;0;1;0;0
AMANDA ZULLO;0;1;0;0;0
Amanda;1;0;0;0;0
"Alvaro Soler;Jennifer Lopez";0;0;1;0;0
Alphaville;0;0;1;0;0
Alligatoah;0;0;1;0;0
All-4-One;0;0;1;0;0
All 4 One;1;0;0;0;0
Alexander Marcus;0;0;0;0;1
Alex Reece;0;0;1;0;0
Alex Gaudino feat. Crystal Waters;0;0;1;0;0
Alex Gaudino;0;0;0;0;1
Alex Cortiz;0;0;1;0;0
Alex C.;1;0;0;0;0
Alejandro Sanz;0;0;1;0;0
Alcazar;0;0;1;0;0
Albeezy;0;0;1;0;0
Alanis Morissette;0;0;1;0;0
Alan Hook;0;0;1;0;0
AL MARTINO;0;1;0;0;0
Al Jarreau;0;0;1;0;0
Al Green;0;0;1;0;0
Al Bano Carrisi;1;0;0;0;0
Al Bano & Romina Power;0;0;0;1;0
Akmusique;0;0;1;0;0
Akcent & Kroppa;0;0;1;0;0
Air;0;0;1;0;0
AGP BAND;0;1;0;0;0
AGE OF LOVE;0;1;0;0;0
Agapornis;0;0;1;0;0
After Party;1;0;0;0;0
Afrob;0;0;1;0;0
Aexit;1;0;0;0;0
Aerosmith;0;0;1;0;0
Aeroplane;0;0;1;0;0
Adss;0;0;1;0;0
ADELE;0;1;0;0;0
Adel Tawi;0;0;0;1;0
A1 x J1;1;0;0;0;0
7th Heaven;0;0;0;0;1
48th St. Collective;0;0;1;0;0
4 to the Bar;0;0;1;0;0
4 Non Blondes;0;0;1;0;0
2-Man Legend;0;0;1;0;0
2 Unlimited;1;0;0;0;0
2 Pac;1;0;0;0;0
112;1;0;0;0;0
10 CC;1;0;0;0;0
"""Joliet"" Jake Blues";0;0;1;0;0
Zwette;0;0;0;0;0
ZAAC;0;0;0;0;0
Yolanda Be Cool;0;0;0;0;0
Yeah Yeah Yeahs;0;0;0;0;0
Yazoo;0;0;0;0;0
Voodoo;0;0;0;0;0
Nimo;0;0;0;0;0
Jim Jacoba;0;0;0;0;0
Fetenhits;0;0;0;1;0
Felix Dickinson;0;0;0;1;0
Fatman Scoop ;0;0;0;1;0
Emmanuel Jal;0;0;0;1;0
Elodie;0;0;0;1;0
Elettra Lamborghini;0;0;0;1;0
Dschinghis Khan;0;0;0;1;0
Dr Packer;0;0;0;1;0
Double U.;0;0;0;1;0
Doris Day ;0;0;0;1;0
Don Omar & LUCENZO;0;0;0;0;0
Doctor Rockit;0;0;0;1;0
DJ Sammy;0;0;0;1;0
Dj Disse;0;0;0;1;0
Dire Straits;0;0;0;1;0
Dabu Fantastic;0;0;0;1;0
Creedence Clearwater Revival ;0;0;0;1;0
Copenema;0;0;0;1;0
Cassandra Beck;0;0;0;1;0
Cascada;0;0;0;1;0
Carlo Rustichelli;0;0;0;1;0
Captain Sensible;0;0;0;1;0
Capitol A;0;0;0;1;0
Brenda Boykin;0;0;0;1;0
Boomfunk MC's;0;0;0;1;0
BON SINCLAIR;0;0;0;1;0
Bodzin;0;0;0;1;0
Bobby Darin;0;0;0;1;0
Bo Kirkland;0;0;0;1;0
Blondie;0;0;0;1;0
Blessed Madonnas;0;0;0;1;0
Blanco;0;0;0;1;0
Billie Eilish;0;0;0;1;0
Billen Ted;0;0;0;1;0
Bilderbuch;0;0;0;1;0
Big Sean;0;0;0;1;0
Betina Bager;0;0;0;1;0
Ben Sidran;0;0;0;1;0
Bellestar;0;0;0;1;0
Beastie Boys;0;0;0;1;0
Banda Do Sul;0;0;0;1;0
Bakermat;0;0;0;1;0
Axwell Ingrosso;0;0;0;1;0
AUditors DOmination;0;0;0;1;0
Anna Costa;0;0;0;0;0
Anabel Englund;0;0;0;1;0
Amy Winehouse;0;0;0;1;0
Adel Tawil;0;0;0;1;0
Achille Lauro ;0;0;0;1;0
220 Kid;0;0;0;1;0
1979;0;0;0;1;0
