;6.5.;14.5.;10.6.;6.8.;20.8.;17.9.;24.9.
Loco (Pachanga Rmx 2005);1;0;1;0;0;0;0
Best Reggae Cover Mix Of Popular Rock Songs;1;0;1;1;1;0;1
Studio 33 Der Deutsche Hit Mix Die Nr. 1 (FULL-VERSION-!!!) BRAND NEU!!!!;1;0;0;0;0;0;0
70's To 80's - Deep Dance Mega Mix (Funky Music) - 74.16;1;1;0;0;0;0;1
All that she wants;1;0;1;1;1;0;1
Obsession;1;0;1;1;1;0;1
Eternal Flame;1;0;0;0;0;0;0
LOVE IS A BATTLEFIELD;1;0;0;0;0;0;0
Break my stride;1;0;0;0;0;0;0
BETTE DAVIS EYE;1;0;0;0;0;0;0
The Promise you made;1;0;0;0;0;0;0
Diana King - Shy Guy;1;0;0;0;0;0;0
JEANS ON;1;0;0;0;0;0;0
BOBBY BROWN;1;0;0;1;0;0;0
JOHNNY B.;1;0;0;0;0;0;0
SWEAT ( A LA LA LA LA LONG );1;1;0;0;0;0;0
FRESH;1;0;1;1;0;0;0
SWEET HOME ALABAMA;1;0;1;1;1;1;0
Marleen 2004;1;0;1;1;0;1;0
HALF A MINUTE;1;0;0;0;0;0;0
Girl you know it´s true;1;0;0;0;0;0;0
JINGLE2K15;1;0;0;0;1;0;0
WAKE ME UP;1;0;0;0;0;0;0
I GOTTA FEELING;1;0;0;1;1;0;0
Weekend;1;0;0;0;0;0;0
SIE LIEBT DEN DJ (2005);1;0;0;0;0;0;0
MIT KEINEM ANDERN;1;0;0;0;0;0;0
AMSTERDAM (B6);1;0;0;0;0;0;1
SATURDAY NIGHT (B6);1;1;1;0;0;0;0
COCO JAMBOO;1;1;0;0;0;0;0
THERE IS A PARTY (B6);1;1;0;0;0;0;0
Sexy And I Know It;1;0;0;0;0;0;0
WELCOME TO ST. TROPEZ;1;0;0;1;0;0;0
Head & Heart (feat. MNEK);1;0;1;1;0;0;1
Herzbeben;1;0;0;0;0;0;0
SIEBEN SÜNDEN (2007);1;0;0;0;0;0;0
ICH BAU DIR EIN SCHLOSS;1;0;1;1;0;1;0
MEIN HERZ;1;0;0;0;0;0;0
Der Kommissar;1;0;0;0;0;0;0
SKANDAL IM SPERRBEZIRK;1;1;0;0;0;0;0
NUR GETRÄUMT (ORG.);1;0;0;1;0;0;0
The Time Of My Life (Maxi);1;0;0;1;0;0;0
Kevin Lyttle vs Madonna;1;0;0;1;0;0;1
AI SE EU TE PEGO (Raggaton Mix);1;0;1;1;0;0;1
EIN BETT IM KORNFELD;1;0;0;0;0;0;0
DU HAST MICH 1000 MAL BELOGEN;1;0;1;1;1;1;0
ICH WILL IMMER WIEDER...DIESES FIEBER SPÜR'N;1;0;0;0;0;0;0
1000 TRÄUME (TORNERO);1;0;1;1;1;0;0
Cold Heart (PNAU Remix);1;0;1;0;0;1;0
Fireworks (feat. Moss Kena & The Knocks) (Breakbot & Irfane Remix);1;0;0;0;0;0;0
BILLIE JEAN (B6);1;0;1;1;0;0;1
I Just Called To Say I Love You;1;0;0;0;0;0;0
HAMMA;1;0;0;1;1;1;0
Die Da!?!;1;1;0;1;0;0;0
Bad Habbit;1;0;1;0;1;1;0
Around The World (DAZZ Remix);1;0;0;0;0;0;0
ATB x Topic x A7S - Your Love [9PM] _ Extended Remix (152kbit_Opus);1;0;0;0;0;0;0
Achterbahn (Fosco Dance Extended Remix);1;0;0;0;1;1;0
Pocahontas (Gestört aber GeiL Remix);1;0;1;0;1;1;0
Chöre;1;0;0;0;0;0;0
Die immer lacht (Radio 2016 Mix);1;0;1;0;1;1;1
Du Schuft!;1;0;0;0;0;0;0
EINSAMER STERN;1;0;0;0;0;0;0
Phänomenal;1;0;0;0;0;0;0
Justin Wellington - Iko Iko (My Bestie) feat. Small Jam;1;0;1;1;1;0;1
Banana;1;0;0;1;1;0;0
Single Ladies;1;0;0;1;1;1;0
Despacito;1;0;0;1;0;1;0
Hypnotized;1;0;0;0;0;0;0
Somewhere Over the Rainbow / What a Wonderful World;1;0;0;0;0;0;0
 Son of a Preacher Man;1;0;0;0;0;0;0
One Kiss (Lyric Video);1;0;0;0;0;0;0
S&m;1;0;0;0;0;0;0
Call On Me;1;0;0;0;0;0;0
I KNOW YOU WANT ME;1;0;0;0;0;0;0
BALADA - TCHê TCHERERE TCHê TCHê;1;0;0;1;0;0;1
BARA BARA;1;0;0;0;0;0;0
 Atemlos (Latino);1;0;1;1;0;0;0
HULAPALU;1;0;1;0;1;0;0
ICH BIN WIE DU;1;0;0;0;0;0;0
IRGENDWANN, IRGENDWO, IRGENDWI;1;0;0;0;0;0;0
Ibiza;1;1;0;0;0;1;0
Wegen Dir (Nachts wenn alles schläft);1;0;0;0;0;0;0
Erst wenn's im Sommer schneit;1;0;0;0;0;0;0
AUGEN ZU UND DURCH;1;0;0;0;0;1;0
Du Hast Den Schönsten Arsch Der Welt;1;0;0;0;0;0;0
PLAYED-A-LIVE (wies'n Mix);1;0;1;1;1;0;0
SWEET CAROLINE Party;1;0;1;1;0;1;0
AMARILLO (B6);1;0;0;0;0;0;0
Put Your Hands Up In The Air;1;0;0;0;0;1;0
Happy Birthday;1;0;0;0;0;1;0
Happy birthday to you;1;0;0;0;0;0;0
Karaoke - Happy Birthday-Traditional;1;0;0;0;0;0;0
Échame La Culpa;1;0;0;0;0;1;0
Duele El Corazon;1;0;0;0;0;0;0
Copacabana;1;0;0;0;0;0;0
Augenbling;1;0;0;1;0;0;0
Vamos a Marte;1;0;0;0;0;0;0
WARUM HATTEST DU NICHT NEIN GESAGT;1;0;1;1;1;0;1
PARTY Hitmix;1;0;1;0;1;1;0
Giant;1;0;0;0;0;0;0
Dished (Male Stripper) (Extended Mix);1;0;0;0;0;0;0
Let Me Think About It;1;0;0;0;0;0;0
Losing It;1;0;0;1;0;0;0
Tujamo vs. Titty Twister - How we bass from dawn roll (Sam Grades Mösenroller Booty);1;0;0;0;0;0;0
Tribal Dance;0;1;0;0;0;0;0
The Ultimate 90´s Megamix;0;1;0;0;0;0;0
Flashdance...What A Feeling;0;1;0;0;0;0;0
WHY;0;1;0;0;0;0;0
Ready Or Not (Dance Remix);0;1;0;0;0;0;0
Horny 98 (Original Mix);0;1;0;0;0;0;0
Push The Feeling On;0;1;0;0;0;0;0
She knows you (Club Mix);0;1;0;0;0;0;0
NORDISCH BY NATURE;0;1;1;0;0;0;0
Upside Down;0;1;0;0;0;0;0
One Night In Bangkok;0;1;0;0;0;0;0
Relax;0;1;0;0;0;0;0
Axel F;0;1;0;0;0;0;0
My Love Is A Tango;0;1;0;0;0;0;0
Verlieben, Verloren, Vergessen, Verzeih'n;0;1;0;0;0;0;0
WHAT IS LOVE (org.);0;1;1;0;0;0;0
IT'S MY LIFE (SINGLE);0;1;0;0;0;0;0
BLUE (DA BA DEE);0;1;1;0;0;0;0
YOU'LL BE MINE, PARTY TIME;0;1;0;0;0;0;0
LAMBADA;0;1;0;1;0;0;0
Americanos;0;1;0;0;0;0;0
I like Chopin;0;1;0;0;0;0;0
Various - Nena  Leuchtturm;0;1;0;0;0;0;0
WILLENLOS (org.);0;1;0;0;1;1;0
HIT THE ROAD JACK 1999;0;1;0;0;0;1;0
THE WAY TO YOUR HEART;0;1;0;0;1;0;1
YOU CAN'T HURRY LOVE;0;1;0;1;1;0;0
I´M SO EXCITED;0;1;0;0;0;0;0
Believe;0;1;0;0;0;0;0
Around The World (la La La La La);0;1;0;0;0;0;0
Be My Lover;0;1;0;0;0;0;0
Up And Down;0;1;0;0;0;0;0
MY HEART GOES BUM;0;1;0;0;0;0;0
Like a Prayer;0;1;0;0;0;0;1
GIRLS WANT TO HAVE FUN;0;1;0;0;0;1;1
Kids In America;0;1;0;0;0;0;0
LET ME ENTERTAIN YOU;0;1;0;0;0;0;0
IT´S MY LIVE;0;1;0;0;1;0;0
You Shook Me All Night Long (Promotional Clip1986).          ACDC;0;1;0;0;0;0;0
PEOPLE ARE PEOPLE;0;1;0;0;0;0;0
Tainted Love;0;1;0;0;0;0;0
HOLDING OUT FOR A HERO;0;1;0;0;0;0;0
IRGENDWIE IRGENDWO IRGENDWANN (1984) Kurz;0;1;0;1;0;0;0
KÖNIG VON DEUTSCHLAND;0;1;0;1;0;0;0
1000 UND EINE NACHT (ZOOM!);0;1;0;1;0;0;0
VERDAMMT ICH LIEB DICH (org.);0;1;0;1;0;0;0
Mädchen;0;1;0;0;0;0;0
MACARENA;0;1;0;1;1;0;0
Barbie Girl;0;1;0;0;0;1;0
SING HALLELUJAH;0;1;0;0;0;0;0
RHYTHM IS A DANCER (org.);0;1;0;1;0;0;0
Insomnia 2005 (Monster Mix);0;1;0;1;1;0;0
PUT YOUR HANDS UP;0;1;0;0;0;0;0
MR. VAIN  (B6);0;1;0;0;1;0;0
SUMMER OF 69;0;1;0;0;1;0;0
I LOVE ROCK AND ROLL;0;1;0;0;1;0;0
EYE OF THE TIGER;0;1;0;0;0;0;0
Radio Ga Ga;0;1;0;0;0;0;0
Sunday Bloody Sunday;0;1;0;0;0;0;0
Personal Jesus;0;1;0;0;0;0;0
THE PASSENGER;0;1;1;0;0;0;0
WALKING BY MYSELF;0;1;0;0;0;0;0
ENTRE DOS TIERRAS;0;1;0;0;0;0;0
MANIAC;0;1;0;0;0;0;1
TAKE ON ME;0;1;0;1;1;0;1
FOOTLOOSE;0;1;0;1;1;0;0
Escape (Pina Colada Song);0;1;0;0;0;0;0
Sunshine Reggae;0;1;0;0;0;0;0
Here Comes The Hotstepper;0;1;0;0;0;0;0
California Love;0;1;0;0;0;0;0
Blackstreet - No Digitty;0;1;0;0;0;0;0
Backstreet Boys - Everybody;0;1;0;0;0;0;0
Wannabe;0;1;1;0;0;0;0
WILD BOYS;0;1;0;0;0;0;0
Come on Eileen;0;1;0;0;0;0;0
 So Lonely;0;1;0;0;0;0;0
LIKE THE WAY I DO;0;1;0;0;0;0;1
99 LUFTBALLONS (LIVE);0;1;0;1;0;0;0
WESTERLAND (Org. LIVE);0;1;0;1;0;0;1
STERNENHIMMEL  (B6);0;1;0;1;0;0;0
BRUTTOSOZIALPRODUKT;0;1;0;1;0;0;1
MAMBO NO. 5;0;1;0;0;1;1;0
ICE ICE BABY 1990;0;1;0;0;0;0;0
Let's Talk About Sex;0;1;0;0;0;0;0
Party Up In Here;0;1;1;0;1;0;0
MURDER SHE WROTE;0;1;0;0;0;0;0
Dirrty Ft  Redman;0;1;1;0;0;0;0
Living On My Own (No More Brothers Radio Mix);0;1;0;0;0;0;0
Show Me Love (Stonebridge Club Mix);0;1;0;0;0;0;0
SWEET DREAMS (ARE MADE OF THIS);0;1;0;0;0;0;0
RELIGHT MY FIRE;0;1;0;0;0;0;0
The Sparrows And The Nightingales (Long Version);0;1;0;0;0;0;0
AIN'T NOBODY;0;1;0;0;0;0;1
Angels;0;1;0;0;0;0;0
MORGENS UM SIEBEN;0;1;0;0;0;0;0
Mief! (Nimm Mich Jetzt, Auch Wenn Ich Stinke);0;1;0;0;0;0;0
DanceMixJTP;0;0;1;0;0;1;0
Tropical Summer mix 2016 #7;0;0;1;1;0;1;0
36 Grad;0;0;1;1;1;0;1
DREADLOCK HOLIDAY;0;0;1;1;1;0;1
Fallin;0;0;1;1;1;0;1
I Swear;0;0;1;0;1;0;1
The Tide is High;0;0;1;1;1;0;1
Mein Stern;0;0;1;1;1;0;0
No Matter What;0;0;1;1;1;0;0
Stadt;0;0;1;1;1;0;0
Would I lie to you?;0;0;1;1;1;0;0
I Got You Babe;0;0;1;1;1;0;0
Genie In A Bottle;0;0;1;1;1;0;0
SEPTEMBER;0;0;1;1;1;1;1
Bailamos;0;0;1;1;1;1;0
Erasure - Take a chance on me;0;0;1;1;0;0;0
GAMES PEOPLE PLAY (B6);0;0;1;1;0;0;1
All Night Long (All Night);0;0;1;1;0;1;0
Die schönsten Tage;0;0;1;0;0;0;0
Umbrella;0;0;1;0;0;0;0
Walking in Memphis;0;0;1;0;0;0;0
Kann Ich So Nicht Sagen Müsst Ich Nackt Seh‘n;0;0;1;0;0;0;0
Alle nackt;0;0;1;0;0;0;0
ESCAPE;0;0;1;0;0;0;0
Broken Wings;0;0;1;1;0;1;0
Stay;0;0;1;1;0;1;0
COULD YOU BE LOVED (ORG.);0;0;1;1;0;1;0
Kygo, Whitney Houston - Higher Love (Sune Remix);0;0;1;0;0;1;1
Celebration;0;0;1;1;1;0;1
VERLIEBEN, VERLOREN, VERGESSEN;0;0;1;0;1;0;0
Wir sagen danke schön;0;0;1;1;0;0;0
Nicht verdient;0;0;1;0;1;0;0
Auf uns;0;0;1;0;1;0;0
TAKE A CHANCE ON;0;0;1;0;0;0;0
MOVIESTAR;0;0;1;0;0;0;0
Super Trouper;0;0;1;0;0;0;1
TURN ME ON;0;0;1;0;0;1;0
Je ne parle pas français (Beatgees Remix);0;0;1;1;1;0;0
I SING A LIAD FÜR DICH;0;0;1;0;0;0;0
I WILL SURVIVE 2006;0;0;1;0;1;0;0
DA YA THINK I'M SEXY?;0;0;1;0;0;0;0
Crazy In Love;0;0;1;0;0;0;0
Jiggle Jiggle;0;0;1;0;0;0;0
Be Faithful;0;0;1;1;1;1;0
UND MORGEN FRÜH KÜSS ICH DICH WACH;0;0;1;1;0;1;1
ICH LIEBE DAS LEBEN;0;0;1;0;0;0;0
TI AMO;0;0;1;0;0;0;0
MAMBO;0;0;1;0;0;0;0
FOR YOU (B6);0;0;1;0;1;0;1
INFINITY (2008);0;0;1;0;0;0;0
LEVELS;0;0;1;1;1;0;1
Do It To It;0;0;1;0;0;0;0
GIVE IT UP;0;0;1;0;0;0;0
California Gurls;0;0;1;1;0;0;0
CALL ME MAYBE;0;0;1;0;0;0;0
AB IN DEN SÜDEN;0;0;1;1;0;0;0
Der Zug hat keine Bremse (Radio edit);0;0;1;0;0;0;0
Dicht Im Flieger;0;0;1;1;1;0;0
Layla;0;0;1;1;1;1;0
Bibi und Tina Lied (feat. Bibi und Tina) [Partyversion];0;0;1;0;0;0;0
Breaking Free (From High School Musical/Soundtrack Version);0;0;1;0;0;0;0
Lass jetzt los (aus Die Eiskönigin - Völlig Unverfroren/Deutscher Film-Soundtrack)     Willemijn Verkaik;0;0;1;0;0;0;0
Wer Liebe lebt (Version 2022);0;0;1;0;0;0;0
Gestört aber GeiL - So schmeckt der Sommer;0;0;1;0;0;0;0
Schüttel Deinen Speck;0;0;1;1;1;0;0
NARCOTIC;0;0;1;0;0;0;1
Smells Like Teen Spirits;0;0;1;0;0;0;0
TWO PRINCESS;0;0;1;0;0;0;0
Last Resort (Explicit);0;0;1;0;0;0;0
Numb-Encore;0;0;1;0;1;0;0
I'D DO ANYTHING FOR LOVE;0;0;1;0;0;0;0
Mama Laudaaa;0;0;1;0;0;0;0
Johnny Däpp (Ich Will Mallorca Zurück);0;0;1;1;0;0;0
Everybody (Backstreet's Back) (Radio Edit);0;0;1;0;0;0;0
Tearin' Up My Heart;0;0;1;0;0;0;0
Breathe Easy;0;0;1;0;0;0;0
FOLLOW ME;0;0;1;1;1;0;0
Wonderwall 2011 (Funk D's Extended Bootleg);0;0;1;0;0;0;0
Put Your Hands Up For Mr Oizo (Mike Candys Mashup) www.clubkings.eu;0;0;1;0;0;0;0
PARTY ROCK ANTHEM;0;0;1;1;1;0;1
Yeah 3x;0;0;1;1;1;0;0
Remmidemmi;0;0;1;1;0;0;0
Bettina (Zieh Dir Bitte Etwas an);0;0;1;0;0;0;0
WEISS DER GEIER;0;0;1;1;0;1;0
180 Grad;0;0;1;0;0;1;0
IDIOT 2011;0;0;1;1;0;0;0
Everybody;0;0;1;1;1;0;0
JEIN;0;0;1;1;0;0;0
Die Eine (2005);0;0;1;0;0;0;0
Never Going Home;0;0;1;0;0;0;0
HZ-Tanz Easy;0;0;0;1;0;0;0
Poolmix 80's Part 02;0;0;0;1;0;0;1
SEXY EIS;0;0;0;1;1;0;0
LIFE;0;0;0;1;1;0;0
Boombastic;0;0;0;1;0;0;0
It Must Have Been Love;0;0;0;1;0;0;0
I'd Love You To Want Me;0;0;0;1;0;0;0
I Love Your Smile;0;0;0;1;0;0;0
Ai Se Eu Te Pego (Nossa Nossa);0;0;0;1;0;1;0
Don't Gimme That;0;0;0;1;0;0;0
Girl You Know It's True;0;0;0;1;0;1;0
Maria Maria;0;0;0;1;0;0;1
How Deep Is Your Love;0;0;0;1;0;0;0
ANOTHER ONE BITES THE DUST;0;0;0;1;0;0;1
Mr.Feeling;0;0;0;1;0;1;0
ABER BITTE MIT SAHNE;0;0;0;1;0;0;0
I AM WHAT I AM;0;0;0;1;0;0;0
Haus Am See;0;0;0;1;0;0;1
Laura non c'è;0;0;0;1;0;1;0
Be My Baby;0;0;0;1;0;0;1
Hangover;0;0;0;1;1;1;0
Do It To It [feat. Cherish];0;0;0;1;1;1;0
Kilotile - Cry To Me (2020 Radio Edit);0;0;0;1;0;0;0
Vincent Remix;0;0;0;1;0;0;0
MONSTA;0;0;0;1;0;1;1
Malle Anja - Der Zug hat keine Bremse;0;0;0;1;1;1;0
Olivia;0;0;0;1;1;1;0
Kann ich so nicht sagen müsst ich nackt seh'n;0;0;0;1;0;0;0
LET´S TWIST AGAIN;0;0;0;1;1;1;0
GREAT BALLS OF FIRE (B6);0;0;0;1;0;0;0
SURFIN' USA;0;0;0;1;0;0;0
RITMO (Bad Boys For Life);0;0;0;1;0;0;0
Coco Jambo (DJ Robe Remix);0;0;0;1;0;0;1
LEUCHTTURM 2002;0;0;0;1;1;0;1
WILLENLOS (Dance Mix);0;0;0;1;1;0;0
So ein Tag so schön wie heute (Der Jungfrauenchor) (Radiomix);0;0;0;1;0;0;0
ROT SIND DIE ROSEN;0;0;0;1;0;0;0
QUE SERA SERA;0;0;0;1;0;0;0
SCHENK DIR MEINHERZ;0;0;0;1;1;0;0
Nur mit Dir;0;0;0;1;0;0;0
Wunderschön (Tanzcover);0;0;0;1;1;1;0
Amore Mio;0;0;0;1;0;0;0
Pepas;0;0;0;1;0;0;0
DANZA KUDURO;0;0;0;1;0;1;0
Kernkraft 400 (A Better Day);0;0;0;1;1;0;0
Party Up (Mix Factor);0;0;0;1;0;1;0
Von Allein;0;0;0;1;0;0;0
Sandstorm (Radio Edit);0;0;0;1;0;0;0
RUHRGEBIET;0;0;0;1;0;0;0
Cinderella (Extended);0;0;0;1;0;0;0
Du hast gewärmt wie alter Whiskey (Endlos Party Mix);0;0;0;1;0;0;0
Unterhopft (Explicit);0;0;0;1;0;0;0
Holland (Explicit);0;0;0;1;0;0;0
Icona Pop - Clap Snap;0;0;0;1;0;0;0
MAJOR TOM (Org.);0;0;0;1;0;0;0
Lady Marmalade;0;0;0;1;0;0;0
Can't Stop The Feeling! (Original Song From Dreamworks Animation's Trolls);0;0;0;1;0;0;1
Blurred Lines;0;0;0;1;0;0;0
I Wanna Dance With Somebody;0;0;0;1;0;0;1
Dynamite (Original Version);0;0;0;1;1;0;0
WAKA WAKA;0;0;0;1;0;1;1
LET´S GET LOUD;0;0;0;1;0;0;0
UN, DOS, TRES, MARIA;0;0;0;1;0;0;0
CONGA;0;0;0;1;0;0;0
SIEBEN TAGE SIEBEN NÄCHTE;0;0;0;1;0;0;0
ITALIENISCHE SEHNSUCHT;0;0;0;1;0;0;0
Hey! Baby;0;0;0;1;0;1;0
Cry to Me;0;0;0;1;1;1;0
As It Was;0;0;0;1;1;0;1
TAGE WIE DIESEN;0;0;0;1;1;0;0
Watch Out For This (Bumaye) [feat. Busy Signal, The Flexican & FS Green];0;0;0;1;0;0;0
Lumidee - Never leave you;0;0;0;1;0;0;0
Panjabi MC - Mundian to Bach Ke;0;0;0;1;0;0;0
LIFE IS FOR LIVING;0;0;0;1;0;0;0
MY NAME IS NOT SUSAN VS. RESPECT;0;0;0;1;0;0;0
KARMA CHAMELEON;0;0;0;1;0;0;0
THE LION SLEEPS TONIGHT (B6);0;0;0;1;0;0;0
downbeat-mix deltaMP3;0;0;0;1;0;0;0
Gute Nacht, Freunde;0;0;0;1;0;0;0
Dance With Me;0;0;0;0;1;0;0
ATEMLOS DURCH DIE NACHT;0;0;0;0;1;1;0
STAR WARS (EPISODE 4) THEME;0;0;0;0;1;0;0
CURRYWURST (ORG);0;0;0;0;1;0;0
MARMOR, STEIN...(ORG.);0;0;0;0;1;0;0
YOU'RE THE FIRST, THE LAST..(ORG.);0;0;0;0;1;0;1
Die Flippers - Wir sagen Danke schön (40 Jahre);0;0;0;0;1;0;0
LOVE ME DO;0;0;0;0;1;0;1
Hey Baby (Album Version);0;0;0;0;1;0;0
Brooklyn;0;0;0;0;1;1;0
WENN NICHT JETZT..(STUDIO);0;0;0;0;1;0;0
Marie;0;0;0;0;1;0;0
DER HIMMEL BRENNT;0;0;0;0;1;1;0
ROCK AROUND THE CLOCK;0;0;0;0;1;1;0
JAILHOUSE ROCK;0;0;0;0;1;0;0
LET´S HAVE A PARTY;0;0;0;0;1;0;0
SHOUT;0;0;0;0;1;0;0
WONDERFUL WORLD;0;0;0;0;1;0;0
Cordula Grün;0;0;0;0;1;0;0
3 Tage in Prag;0;0;0;0;1;0;0
If You Really Love Me (How Will I Know);0;0;0;0;1;0;0
T.N.T.;0;0;0;0;1;0;0
BLACK BETTY (Org);0;0;0;0;1;0;0
JUMP;0;0;0;0;1;0;0
We Will Rock You;0;0;0;0;1;0;0
Clap Snap;0;0;0;0;1;1;0
The Time (Dirty Bit);0;0;0;0;1;0;0
Blinding Lights;0;0;0;0;1;0;1
WAKE ME UP BEFORE YOU GO GO;0;0;0;0;1;0;0
IT´S RAINING MEN (B6);0;0;0;0;1;0;1
JUMP (FOR MY LOVE);0;0;0;0;1;0;1
COTTON EYE JOE (Org. Single);0;0;0;0;1;0;0
Y.M.C.A (B6);0;0;0;0;1;0;0
HÄNDE ZUM HIMMEL;0;0;0;0;1;0;0
WONDERWALL;0;0;0;0;1;0;0
ALL SUMMER LONG;0;0;0;0;1;0;0
NOTHING ELSE MATTERS;0;0;0;0;1;0;0
Lucille (Musst Du Jetzt Grade Gehen);0;0;0;0;1;1;0
HAPPY BIRTHDAY (B6);0;0;0;0;0;1;0
Heute kann es Regen;0;0;0;0;0;1;0
Lass mich nie los;0;0;0;0;0;1;0
David Guetta x MistaJam x John Newman - If You Really Love Me (How Will I Know) [Official Video];0;0;0;0;0;1;0
Sweet Lovin' (Original Mix);0;0;0;0;0;1;0
When Love Takes Over;0;0;0;0;0;1;0
Bongo Cha Cha Cha;0;0;0;0;0;1;0
Night Away (Dance) [Explicit];0;0;0;0;0;1;0
When I'm Gone;0;0;0;0;0;1;0
Same Team;0;0;0;0;0;1;0
20s [Explicit];0;0;0;0;0;1;0
Light Switch;0;0;0;0;0;1;0
Weg von mir [Explicit];0;0;0;0;0;1;0
Everything But You [feat. A7S];0;0;0;0;0;1;0
Sorry;0;0;0;0;0;1;0
Let Somebody Go;0;0;0;0;0;1;0
SCHEISS WESSIS [Explicit];0;0;0;0;0;1;0
Don’t Forget My Love;0;0;0;0;0;1;0
Boyfriend [Explicit];0;0;0;0;0;1;0
JIVE CONNIE (Single);0;0;0;0;0;1;1
Deutscher Fox-Mix;0;0;0;0;0;1;0
Noch in 100 000 Jahren;0;0;0;0;0;1;0
Long & Junior - Bądź Moją Królową - Official Video Clip;0;0;0;0;0;1;0
Mr. Saxobeat (Extended Version);0;0;0;0;0;1;0
So lang der DJ nicht ins Bett geht (Radio Version);0;0;0;0;0;1;0
The Black Pearl (2k17 Edit);0;0;0;0;0;1;0
Tabu;0;0;0;0;0;1;1
Look At Me! (Explicit);0;0;0;0;0;1;0
The Only Thing That Looks Good On Me Is You;0;0;0;0;0;1;0
DANCE (B6);0;0;0;0;0;1;0
Ding;0;0;0;0;0;1;0
AFTER PARTY - Kocham Cię (kiedy biegasz nago) (Official Video);0;0;0;0;0;1;0
Hips Dont Lie feat. Wyclef Jea;0;0;0;0;0;1;0
Standard (feat. Trettmann, Gringo, Ufo361 & Gzuz) (Explicit);0;0;0;0;0;1;0
Roller;0;0;0;0;0;1;0
HAPPY;0;0;0;0;0;1;0
VOLARE;0;0;0;0;0;1;0
LADY IN BLACK;0;0;0;0;0;1;0
UNCLE JOHN FROM JAMAICA;0;0;0;0;0;1;0
Clap Your Hands;0;0;0;0;0;1;0
Dopamine (feat. Eyelar);0;0;0;0;0;1;0
Boys - Jesteś Szalona (Official Video) 1997;0;0;0;0;0;1;0
WEEKEND - Za każdą chwilę z Tobą - Official Video (2012);0;0;0;0;0;1;0
Łobuzy - Ona czuje we mnie piniądz (Oficjalny Teledysk);0;0;0;0;0;1;0
BASTA - JUŻ NIE ZATAŃCZY DLA MNIE (Oficjalny Teledysk);0;0;0;0;0;1;0
Played A Live;0;0;0;0;0;1;0
Gangnam Style;0;0;0;0;0;1;0
D-Bomb - Najbardziej dzisiaj chcę;0;0;0;0;0;1;0
DIE HÖLLE MORGEN FRÜH;0;0;0;0;0;1;0
Ona lubi pomarańcze;0;0;0;0;0;1;0
D-Bomb - O Ela, Ela (Official video);0;0;0;0;0;1;0
MARKUS P - Kici Kici Miał (Official Video);0;0;0;0;0;1;0
Long & Junior - Tańczyć chcę - Official Video Clip;0;0;0;0;0;1;0
Pepas (Explicit);0;0;0;0;0;1;0
Bongo Cha Cha Cha (Summer Anthem);0;0;0;0;0;1;0
Der Zug hat keine Bremse (Mallorcastyle Edition);0;0;0;0;0;1;0
NUR NOCH SCHUHE AN;0;0;0;0;0;1;0
Wir sind alle gestört aber geil;0;0;0;0;0;1;0
Akcent - Przez Twe Oczy Zielone (Oficjalny Teledysk) Napisy PL;0;0;0;0;0;1;0
EXTAZY - Kochana Moja (Official Video) HIT 2018;0;0;0;0;0;1;0
AI SE EU TE PEGO;0;0;0;0;0;1;0
AFTER PARTY - Tylko Ona Jedyna (Official Video);0;0;0;0;0;1;0
Exaited - Dziś Ci To Powiem (Official Video) Disco Polo 2016;0;0;0;0;0;1;0
Ruda Tańczy Jak Szalona;0;0;0;0;0;1;0
Have You Never Been Mellow;0;0;0;0;0;1;0
Yallah Goodbye (feat. Gringo) (Explicit);0;0;0;0;0;1;0
Lottery (Renegade) (Explicit);0;0;0;0;0;1;0
Si es amor;0;0;0;0;0;1;0
Blau;0;0;0;0;0;1;0
California Diva;0;0;0;0;0;1;0
Dragostea Din Tae;0;0;0;0;0;1;0
Weekend - Ona Tańczy Dla Mnie - Official Video (2012);0;0;0;0;0;1;0
L´AMOUR TOUJOURS;0;0;0;0;0;1;0
In The Dark;0;0;0;0;0;1;0
ANOTHER DAY IN PARADISE;0;0;0;0;0;1;0
KNOCKING ON HEAVENS DOOR (LIFE;0;0;0;0;0;1;0
You Should Be Dancing;0;0;0;0;0;0;1
Biene Maja;0;0;0;0;0;0;1
DAS KANN KEIN ZUFALL SEIN;0;0;0;0;0;0;1
Mysterious Girl;0;0;0;0;0;0;1
Bronze Silber Und Gold;0;0;0;0;0;0;1
Love Will Save the Day;0;0;0;0;0;0;1
Sexbomb;0;0;0;0;0;0;1
I'm Outta Love;0;0;0;0;0;0;1
Stomp! (Single Version);0;0;0;0;0;0;1
LADIES' NIGHT;0;0;0;0;0;0;1
LAST NIGHT A DJ SAVE;0;0;0;0;0;0;1
Sugar Hill Gang - Rappers Delight;0;0;0;0;0;0;1
Hot Stuff;0;0;0;0;0;0;1
I Will Follow Him (Sister Act Ending);0;0;0;0;0;0;1
I Will Follow Him (From Sister Act);0;0;0;0;0;0;1
Uptown Funk;0;0;0;0;0;0;1
Cosmic Girl (Remastered);0;0;0;0;0;0;1
GIMME GIMME GIMME (A M;0;0;0;0;0;0;1
Belly Dancer;0;0;0;0;0;0;1
FEEL THE RUSH;0;0;0;0;0;0;1
Jerusalema;0;0;0;0;0;0;1
Schickeria (Remastered 2007);0;0;0;0;0;0;1
I WILL SURVIVE (Vinyl MAXI);0;0;0;0;0;0;1
Allein Allein;0;0;0;0;0;0;1
MEIN DING;0;0;0;0;0;0;1
Ein Kompliment;0;0;0;0;0;0;1
SEXY;0;0;0;0;0;0;1
I Don't Like It, I Love It (feat. Robin Thicke & Verdine White);0;0;0;0;0;0;1
Hold Me Closer;0;0;0;0;0;0;1
Disco Inferno (Single Edit);0;0;0;0;0;0;1
Wanna Be Startin' Somethin';0;0;0;0;0;0;1
GEILES LEBEN;0;0;0;0;0;0;1
CAN´T GET YOU OUT OF MY HEAD;0;0;0;0;0;0;1
Der Erste Sahne- Mix (Maxi-Version) (Maxi Version);0;0;0;0;0;0;1
ER GEHÖRT ZU MIR (B6);0;0;0;0;0;0;1
Numb;0;0;0;0;0;0;1
"Boogie Wonderland (with The Emotions) (12"" Version)";0;0;0;0;0;0;1
She Works Hard For The Money;0;0;0;0;0;0;1
Beat It;0;0;0;0;0;0;1
Move Your Body;0;0;0;0;0;0;1
Easy Love;0;0;0;0;0;0;1
BON, BON;0;0;0;0;0;0;1
Dancing Queen;0;0;0;0;0;0;1
STAYIN ALIVE;0;0;0;0;0;0;1
Time of Our Lives (Explicit);0;0;0;0;0;0;1
Burning Love;0;0;0;0;0;0;1
Drivin' My Life Away (Single);0;0;0;0;0;0;1
Fortunate Son;0;0;0;0;0;0;1
(Shake, Shake, Shake) Shake Your Booty;0;0;0;0;0;0;1
U Got the Look;0;0;0;0;0;0;1
Don't Stop 'Til You Get Enough;0;0;0;0;0;0;1
Engel;0;0;0;0;0;0;1
Alles aus Liebe (Unplugged);0;0;0;0;0;0;1
Ich war noch niemals in New York (MTV Unplugged In N;0;0;0;0;0;0;1
Ich weiß, was ich will;0;0;0;0;0;0;1
I AM WHAT I AM (B6);0;0;0;0;0;0;1
