;7.5.;14.5.;21.5.;27.5.;4.6.;5.6.;11.6.;24.6.;2.7.;16.7.;23.7.;13.8.;19.8.;20.8.;26.8.;27.8.;2.9.;3.9.;17.9.;24.9.
;1;1;1;1;1;1;1;1;1;1;1;1;1;1;1;1;1;1;1;1
Queen;1;1;1;1;1;0;1;0;1;1;1;1;1;1;1;1;1;1;1;1
Backstreet Boys;1;1;0;0;1;1;0;1;1;1;1;1;1;1;1;1;1;1;1;1
Spice Girls;1;1;0;0;1;1;0;1;1;1;1;1;1;1;1;1;1;1;1;1
Chubby Checker;1;0;1;1;1;0;0;1;1;0;1;1;1;1;1;1;1;1;1;1
Don Omar;0;1;0;0;1;1;1;1;1;1;1;1;1;0;1;1;1;1;1;1
Lucenzo;0;1;0;0;1;1;1;1;1;1;1;1;1;0;1;1;1;1;1;1
Jazzamor;0;1;0;0;1;1;1;1;1;0;1;1;1;1;1;1;1;1;1;1
Macklemore;0;1;0;1;1;1;0;1;1;1;1;1;1;0;1;1;1;1;1;1
Ray Charles;1;0;1;1;1;1;0;0;1;0;1;1;1;1;1;1;1;1;1;1
Bellini;0;1;0;0;1;1;1;1;1;0;1;1;1;0;1;1;1;1;1;1
Neuton;0;1;0;1;1;1;1;1;1;0;1;1;1;1;0;1;1;1;1;0
C+C Music Factory;0;1;0;0;1;0;1;1;1;1;1;1;1;0;0;1;1;1;1;1
Cher;1;1;0;1;1;0;1;1;1;0;0;1;1;1;0;1;1;1;0;1
Dr. Alban;1;0;0;0;1;0;0;1;1;1;1;1;1;1;0;1;1;1;1;1
Eve;1;0;0;1;1;0;1;1;1;0;1;1;1;1;1;1;0;1;1;0
Farruko;0;1;0;0;1;1;1;1;1;1;1;1;1;0;1;0;1;0;1;1
Lumidee;0;1;0;1;1;1;0;1;1;0;1;1;1;0;1;1;1;0;1;1
Panjabi MC;0;1;0;1;1;1;0;0;1;1;1;1;1;0;1;1;1;0;1;1
Seeed;0;1;0;1;1;1;0;1;1;1;1;1;1;0;1;1;1;0;1;0
Air;0;1;0;0;1;1;1;0;1;0;1;0;1;1;0;1;1;1;1;1
Wanz;0;1;0;1;1;0;0;0;1;1;1;1;1;0;1;1;1;0;1;1
Monty Alexander;0;1;0;1;1;0;0;0;1;1;1;1;1;0;1;1;1;0;1;1
Shouse;0;0;0;0;1;1;0;1;1;0;1;1;0;1;1;1;1;1;1;1
Britney Spears;0;1;0;0;0;0;1;1;1;1;1;1;1;0;0;1;1;1;0;1
Club des Belugas;0;1;1;1;1;1;0;1;1;0;1;1;0;0;1;0;0;0;1;1
Ed Sheeran;0;1;0;0;1;1;0;1;1;1;1;0;0;1;0;1;1;1;0;1
Jennifer Lopez;0;1;0;0;1;1;1;0;1;1;0;1;1;0;1;1;1;1;0;0
Joni Mitchell;0;1;1;0;1;0;0;1;0;0;1;0;1;1;0;1;1;1;1;1
Kelly Clarkson;0;1;0;1;0;0;1;0;1;0;1;1;1;0;1;1;1;1;0;1
Lmfao;0;1;0;0;1;0;1;1;1;0;1;1;1;0;0;0;1;1;1;1
Randy Crawford;0;1;0;1;1;0;0;1;0;0;1;0;0;1;1;1;1;1;1;1
Reel 2 Real;0;0;0;0;1;0;0;1;1;1;1;1;1;0;0;1;1;1;1;1
Riton;0;0;0;0;0;1;0;1;1;1;1;0;1;0;1;1;1;1;1;1
Robbie Williams;0;1;1;0;0;0;1;1;1;0;1;1;1;1;0;1;1;1;0;0
Aloe Blacc;0;1;0;0;0;1;1;1;1;1;1;0;1;0;0;1;1;1;0;0
Beyonce;0;1;0;1;0;1;0;1;0;1;1;0;1;0;0;1;1;0;1;1
Disclosure;0;1;0;0;1;1;1;1;0;1;1;0;1;0;1;1;0;1;0;0
Dr. Dre;0;0;0;1;0;0;0;1;1;1;1;1;1;0;1;1;0;0;1;1
Garland Jeffreys;0;1;1;0;1;0;0;1;0;0;1;0;1;1;0;1;0;1;1;1
Pitbull;0;1;0;0;0;1;1;1;1;0;1;1;1;0;1;0;1;0;0;1
Lou Bega;0;0;1;1;1;0;0;0;1;0;1;1;1;0;0;0;1;1;1;1
Mark Ronson;0;0;0;1;1;1;0;0;1;0;1;1;1;1;1;1;0;0;1;0
Michael Jackson;0;0;0;1;0;1;0;1;0;0;1;1;0;1;0;1;1;1;1;1
Mika;0;1;0;1;1;1;0;1;1;1;1;0;1;0;0;0;1;1;0;0
Peter Fox;0;1;0;1;1;1;0;0;1;0;1;1;1;0;1;1;0;0;0;1
Rihanna;0;1;0;1;0;1;0;0;0;0;1;1;1;0;0;1;1;1;1;1
Sade;1;1;1;0;1;0;1;1;0;0;0;0;0;1;0;1;1;1;1;0
Soul II Soul;0;0;0;0;1;1;1;1;1;0;1;1;1;0;1;1;1;0;0;0
Stardust;0;0;0;0;1;1;0;1;0;0;1;1;0;0;1;1;1;1;1;1
Tosca;1;1;0;0;1;1;0;1;1;0;0;1;0;0;1;0;0;1;1;1
When 'Airy Met Fairy;0;1;0;0;0;1;1;0;1;0;1;0;1;1;0;1;1;0;1;1
ABBA;1;0;1;0;1;0;1;0;1;0;1;0;0;1;0;1;1;0;1;0
Anakelly;1;1;1;1;1;0;1;1;1;0;1;1;0;0;0;0;0;0;0;0
Aretha Franklin;0;1;1;1;0;1;0;1;1;0;1;0;0;1;0;1;0;1;0;0
Daddy Yankee;0;1;0;1;1;0;0;1;1;1;0;0;0;0;1;1;1;0;1;0
Dieter Thomas Kuhn;0;0;1;1;1;1;0;0;1;0;1;1;0;0;0;0;0;1;1;1
Fettes Brot;0;0;0;1;1;1;0;1;1;0;0;0;1;0;1;1;1;0;1;0
Imagination;0;1;0;1;1;0;1;1;1;0;1;1;0;1;0;0;0;0;1;0
Joel Corry;0;0;0;0;1;0;0;1;1;0;1;1;0;0;1;1;1;0;1;1
Ziggy Stardust;0;0;0;0;1;1;0;1;0;0;1;1;0;0;0;1;1;1;1;1
Master KG;0;0;0;0;1;0;0;1;1;0;1;1;0;0;1;1;1;0;1;1
Modjo;0;1;0;0;0;0;1;1;1;0;1;0;1;1;1;1;0;1;0;0
Modjo Band;0;1;0;0;0;0;1;1;1;0;1;0;1;1;1;1;0;1;0;0
Nightcrawlers;0;0;0;0;0;1;0;1;0;1;1;0;1;0;1;1;1;1;0;1
Paul Anka;0;1;0;0;1;1;0;1;1;0;1;1;0;1;0;1;0;1;0;0
Ludacris;0;1;0;1;1;0;0;0;1;1;0;1;1;0;1;1;1;0;0;0
Usher;0;1;0;1;1;0;0;0;1;1;0;1;1;0;1;1;1;0;0;0
Lil' Jon;0;1;0;1;1;0;0;0;1;1;0;1;1;0;1;1;1;0;0;0
will.i.am;0;1;0;0;0;0;1;1;0;1;1;1;0;0;0;1;1;1;0;1
Al Jarreau;0;0;1;1;1;0;0;0;1;0;1;0;1;0;0;0;1;0;1;1
Brings;1;0;1;0;0;0;0;0;1;0;1;1;1;0;0;1;1;1;0;0
Bruno Mars;0;1;0;1;1;1;0;0;0;0;1;1;1;1;0;1;0;0;0;0
Calvin Harris;0;0;0;0;0;0;0;0;1;1;1;1;1;0;1;0;1;1;0;1
Sean Paul;0;0;0;0;0;1;0;1;0;1;1;0;1;0;1;0;1;0;1;1
Deichkind;0;0;0;0;1;0;1;1;1;0;0;1;1;0;0;0;1;0;1;1
Stevie Wonder;0;0;0;1;1;1;1;0;0;0;1;0;0;1;1;1;0;1;0;0
Elton John;0;0;1;0;1;0;1;1;0;0;0;1;1;0;0;1;1;1;0;0
Gala;0;0;0;0;0;1;0;1;0;1;0;1;0;1;0;1;1;1;1;0
Haddaway;1;0;0;0;0;0;0;1;0;1;0;1;1;0;0;1;1;1;0;1
Jack Johnson;0;1;0;0;1;1;0;1;1;1;0;0;0;0;0;1;1;0;0;1
Jan Delay;0;0;0;1;1;1;0;1;1;0;1;0;0;0;0;1;1;0;1;0
Lea;0;0;0;0;1;0;1;0;1;1;1;1;0;0;1;0;1;0;0;1
Liquido;0;0;0;0;1;1;0;0;0;0;1;0;1;1;1;1;0;0;1;1
Ryan Lewis;0;0;0;1;0;1;0;0;0;0;0;1;1;0;1;1;1;0;1;1
Natalie Cole;0;0;0;1;0;1;0;1;1;0;1;0;0;1;0;0;0;1;1;1
Nicolette Larson;0;1;0;1;0;0;1;1;0;0;1;0;0;0;0;1;1;1;1;0
Ofenbach;0;0;0;0;0;1;0;0;0;1;0;1;1;1;0;1;1;1;0;1
Orson;0;1;0;0;1;0;0;1;0;0;1;0;1;0;1;1;1;1;0;0
Paveier;1;0;1;0;0;0;0;0;1;0;1;1;1;0;0;1;1;1;0;0
Phil Collins;1;0;1;0;0;1;0;0;0;1;1;0;0;1;0;1;1;0;1;0
Oliver Heldens;0;0;0;0;0;1;0;0;1;0;1;0;0;0;1;1;1;1;1;1
Robin Thicke;0;0;0;1;1;1;0;0;1;0;1;1;1;0;0;1;1;0;0;0
Sergio Mendes;0;1;1;0;1;1;1;0;0;0;1;0;0;0;1;0;1;0;1;0
The Weeknd;1;0;0;1;0;1;0;0;1;0;1;0;0;0;0;0;1;1;1;1
Ärzte;0;0;0;1;1;0;0;1;0;1;1;1;0;0;0;0;0;0;1;1
Bee Gees;0;0;0;0;1;1;1;1;0;0;0;1;0;1;0;1;1;0;0;0
Bill Withers;0;1;0;1;0;1;1;1;1;0;1;0;0;1;0;0;0;0;0;0
Charli Xcx;0;0;0;0;1;0;0;0;1;0;1;0;0;0;0;1;1;1;1;1
Die Fantastischen Vier;0;1;0;1;1;0;0;1;0;0;0;1;0;0;0;1;1;0;1;0
Q-Tip;0;0;0;0;1;0;1;1;1;0;0;1;1;0;0;0;1;0;1;0
GoonRock;0;0;0;0;1;0;1;1;1;0;0;1;1;0;0;0;1;0;1;0
Fergie;0;0;0;0;1;0;1;1;1;0;0;1;1;0;0;0;1;0;1;0
Gotan Project;0;1;0;0;0;1;1;0;1;0;1;0;1;0;0;0;1;0;0;1
Fedde LeGrand;0;0;0;0;1;0;0;1;0;0;0;1;1;0;0;0;1;1;1;1
Ida Corr;0;0;0;0;1;0;0;1;0;0;0;1;1;0;0;0;1;1;1;1
Mario Biondi;1;1;0;0;1;0;0;1;0;0;1;0;0;1;0;0;1;1;0;0
Jasmin Tabatabai;1;1;1;0;1;0;0;0;1;0;1;1;0;1;0;0;0;0;0;0
Jet;0;0;0;1;1;0;0;0;0;0;1;0;0;0;1;1;0;1;1;1
KT Tunstall;0;1;0;0;0;0;1;1;1;0;0;1;0;0;1;0;1;0;1;0
Fatman Scoop;0;0;0;0;1;1;0;1;1;0;1;1;1;0;0;0;0;0;1;0
Ray Dalton;0;0;0;1;0;0;0;0;0;0;0;1;1;0;1;1;1;0;1;1
Michael Bublé;1;1;0;0;0;1;0;1;0;0;0;1;0;0;0;0;1;0;1;1
Music Travel Love;0;0;0;0;0;0;0;1;1;0;0;1;1;1;0;1;1;1;0;0
P!nk;0;0;0;0;0;1;0;0;0;0;0;1;1;0;0;1;1;1;1;1
Spyro Gyra;0;1;1;0;0;0;0;0;1;0;1;0;1;1;0;0;0;1;0;1
Tasmin Archer;0;1;0;0;0;0;0;1;1;0;0;1;1;0;0;1;1;1;0;0
Thievery Corporation;0;0;0;0;0;0;1;1;1;0;1;0;1;0;1;1;0;1;0;0
Andre;0;0;0;1;0;0;0;1;1;0;0;0;0;0;0;0;1;1;1;1
Barry White;0;1;1;1;1;0;0;0;0;0;1;0;0;0;0;0;0;1;0;1
Biffy Clyro;0;1;0;1;1;0;0;0;0;1;0;0;1;0;0;1;1;0;0;0
Camila Cabello;0;1;0;0;0;0;0;1;1;1;1;0;1;1;0;0;0;0;0;0
Caro Emerald;0;1;0;0;0;0;0;1;0;0;0;0;0;1;0;1;1;0;1;1
Edie Brickell;0;0;1;0;0;0;0;0;0;0;0;0;1;1;1;0;1;1;0;1
Flo Rida;0;0;0;0;0;0;0;0;0;1;1;1;1;0;1;1;0;0;0;1
Helene Fischer;0;0;0;1;1;0;0;0;1;0;0;0;0;1;0;0;1;1;0;1
Icona Pop;0;0;0;0;1;0;0;0;0;0;1;0;0;0;0;1;1;1;1;1
James Bay;0;1;0;0;0;0;0;1;1;0;1;1;1;0;1;0;0;0;0;0
Jimmy Messina;0;1;0;0;0;1;0;1;1;0;1;0;0;1;0;0;0;1;0;0
The Killers;0;1;0;0;1;0;0;0;0;0;0;0;1;1;1;0;0;0;1;1
Kooks, the;0;0;0;1;0;0;1;0;0;1;0;1;1;0;1;1;0;0;0;0
La Lupe;0;1;0;0;1;0;1;1;1;0;1;1;0;0;0;0;0;0;0;0
McFly;0;1;0;0;0;0;1;1;1;1;0;0;1;0;0;0;0;1;0;0
Mezzoforte;0;1;0;0;1;1;0;0;1;0;1;0;0;0;0;1;1;0;0;0
Michel Teló;0;1;0;0;0;0;0;1;0;1;0;0;0;0;0;1;0;1;1;1
Mo' Horizons;0;0;0;1;0;0;0;0;0;0;0;0;1;0;0;1;1;1;1;1
Nena;1;0;1;1;0;0;0;1;0;1;0;0;0;0;0;0;1;0;1;0
The Offspring;0;0;0;1;1;1;0;0;0;1;1;0;0;0;0;0;0;0;1;1
Querbeat;0;0;1;1;0;0;0;0;1;0;1;1;1;0;0;0;1;0;0;0
Robert Palmer;1;1;0;0;1;0;1;0;0;0;0;1;0;0;1;0;1;0;0;0
Maite Kelly;0;0;0;1;1;0;0;0;1;0;0;0;0;0;0;0;1;1;1;1
Wes;0;0;0;0;0;0;0;0;1;1;1;1;0;1;1;0;0;0;1;0
Avicii;0;0;0;0;1;0;0;0;0;1;0;1;0;0;0;0;0;1;1;1
Barb Jungr;1;1;1;1;0;1;0;0;1;0;0;0;0;0;0;0;0;0;0;0
Blaskapelle;0;0;0;1;0;0;0;0;1;0;0;0;1;0;1;0;0;0;1;1
Bob Sinclar;0;0;0;0;1;0;0;0;0;0;0;0;1;0;1;1;0;0;1;1
Chaka Khan;1;1;0;0;0;1;0;1;0;0;0;0;0;0;0;1;0;0;1;0
Clean Bandit;0;0;0;0;0;0;0;0;1;1;1;1;0;0;1;0;1;0;0;0
Cro;0;0;1;1;0;0;0;0;1;1;1;0;0;0;0;1;0;0;0;0
David Guetta;0;0;0;0;0;0;0;0;0;1;1;0;0;0;0;0;1;1;1;1
Depeche Mode;0;0;0;0;1;0;1;0;0;1;1;0;0;1;0;0;0;0;0;1
Dua Lipa;0;0;0;0;0;1;0;0;0;0;0;1;1;0;0;1;1;1;0;0
ENUR;0;1;0;0;0;0;0;0;0;0;1;0;0;0;1;0;1;1;0;1
Fratellis;0;1;0;1;0;0;0;0;0;0;1;0;0;0;1;0;0;0;1;1
George Benson;0;0;1;1;1;0;0;0;0;0;0;1;0;0;0;0;0;0;1;1
Herb Alpert;0;1;0;0;1;1;0;1;0;0;0;1;0;0;0;0;1;0;0;0
Tina Turner;1;0;1;0;0;0;0;0;0;1;1;0;0;1;0;1;0;0;0;0
Jess Glynne;1;0;0;0;0;1;0;0;0;1;0;1;0;0;0;1;1;0;0;0
Jessica Gall;0;1;0;0;1;0;0;0;0;0;0;0;0;1;0;0;0;1;1;1
Journey;0;0;0;1;1;0;1;0;1;0;0;1;0;0;0;0;0;1;0;0
Justin Timberlake;0;0;0;0;1;1;0;0;0;1;1;0;1;0;0;1;0;0;0;0
Whitney Houston;0;0;0;0;1;0;1;0;0;1;0;1;0;0;0;1;1;0;0;0
Kylie Minogue;0;0;0;0;0;0;1;0;0;0;0;0;1;1;0;0;1;1;1;0
Lil' Kleine;0;0;0;0;0;0;0;1;1;1;0;0;0;0;0;0;1;1;1;0
Love Unlimited Orchestra;0;0;0;1;1;0;1;1;0;0;1;0;0;0;0;0;0;1;0;0
Maroon 5;0;0;0;0;1;0;0;0;1;1;1;0;1;0;0;0;0;1;0;0
Martin Garrix;0;0;0;0;0;0;0;0;0;1;0;0;1;0;1;0;0;1;1;1
Martin Solveig;0;1;0;0;1;0;0;0;1;0;1;0;0;0;1;0;0;1;0;0
Marvin Gaye;0;0;1;0;1;1;1;0;0;0;0;1;0;0;0;0;0;1;0;0
Mather;0;0;0;0;1;1;0;1;1;0;1;0;0;0;0;0;1;0;0;0
Matt Bianco;1;0;0;0;1;1;1;1;0;0;0;0;0;0;0;0;1;0;0;0
Meghan Trainor;0;0;0;0;0;0;1;0;1;0;0;0;1;0;0;1;1;1;0;0
Miljö;1;0;1;0;0;0;0;0;1;0;0;1;1;0;0;0;1;0;0;0
Pharrell Williams;0;0;0;1;1;0;0;0;0;0;0;0;1;0;1;1;0;1;0;0
Prince;0;1;0;1;1;0;1;1;0;0;1;0;0;0;0;0;0;0;0;0
Pur;0;0;0;0;1;1;0;1;0;1;0;0;0;0;0;0;1;0;1;0
Ronnie Laws;0;0;0;0;0;0;1;1;0;0;0;0;1;1;0;0;1;1;0;0
Shakira;0;1;0;0;0;1;0;0;0;1;1;0;0;0;1;0;1;0;0;0
Simon & Garfunkel;1;0;1;0;1;0;1;0;0;0;0;0;0;0;1;0;1;0;0;0
AC/DC;0;0;0;1;0;0;0;0;0;1;0;1;0;0;0;0;0;1;0;1
Alexandra Stan;0;0;0;0;1;0;0;1;0;0;1;1;0;0;0;1;0;0;0;0
Andreas Gabalier;0;0;0;1;0;0;0;1;1;0;0;0;0;0;0;0;0;0;1;1
Annenmaykantereit;0;0;0;1;1;0;0;0;0;0;1;0;0;0;0;0;1;0;1;0
Axwell;0;0;0;0;0;0;0;0;1;1;0;0;0;0;0;1;0;0;1;1
Bob Marley;1;1;0;0;0;0;0;0;1;0;0;1;0;0;0;0;0;0;1;0
Boney M.;1;0;1;0;0;0;1;0;0;0;0;1;0;0;0;1;0;0;0;0
Bryan Adams;0;0;0;0;0;0;0;0;0;1;1;1;0;0;0;0;1;0;0;1
Daft Punk;0;0;0;0;0;0;1;1;0;0;0;0;0;1;1;0;0;0;1;0
Sia;0;1;1;0;1;0;0;0;0;0;1;0;0;0;0;0;0;0;0;1
Earth, Wind & Fire;0;0;1;0;1;1;1;0;0;0;0;0;0;0;0;0;1;0;0;0
Eminem;0;0;0;0;0;0;0;0;1;0;0;1;1;0;1;0;0;0;1;0
Fleetwood Mac;1;0;1;0;0;0;0;0;1;1;0;0;0;1;0;0;0;0;0;0
Fleur East;0;0;0;1;1;0;0;0;1;0;1;0;1;0;0;0;0;0;0;0
Frank Sinatra;0;1;0;1;1;0;0;1;1;0;0;0;0;0;0;0;0;0;0;0
Galliano;0;0;1;0;1;0;1;1;0;0;0;0;0;0;1;0;0;0;0;0
Geraldo Pino;0;0;0;0;1;1;0;1;0;0;0;0;0;0;0;1;1;0;0;0
Gwyneth Herbert;0;1;0;0;0;1;0;1;0;0;1;0;1;0;0;0;0;0;0;0
Joan Jett;0;0;0;1;0;0;0;0;0;0;1;0;0;0;0;0;0;1;1;1
Johnson, Laurie Orchestra;0;1;0;0;0;0;0;0;0;0;0;0;1;0;0;0;1;0;1;1
Kanye West;0;0;0;0;0;0;0;0;1;0;1;1;0;0;1;0;0;0;1;0
Kiss;0;0;0;0;0;1;0;0;1;1;0;0;0;0;0;0;0;1;0;1
Klüngelköpp;0;0;1;0;0;0;0;0;1;0;0;1;1;0;0;0;1;0;0;0
Kungs;0;0;0;0;0;0;0;1;0;0;0;1;0;1;1;0;1;0;0;0
Lipps, Inc.;1;0;1;0;0;0;1;0;0;0;0;1;0;0;0;1;0;0;0;0
Lizzo;0;0;0;0;1;0;0;1;0;0;0;0;1;0;1;1;0;0;0;0
Manfred Mann;1;0;0;0;0;1;0;1;1;0;0;0;0;0;0;0;0;0;0;1
Melanie C;0;0;0;0;0;1;0;1;1;0;1;0;0;0;0;0;0;0;1;0
Paul Simon;1;0;1;0;0;0;1;0;0;0;0;0;0;0;0;0;1;1;0;0
Rod Stewart;1;0;0;0;0;0;0;0;0;1;0;1;0;0;0;1;0;1;0;0
Sofa Surfers;0;0;0;0;1;0;0;1;0;0;0;0;0;1;0;0;0;0;1;1
Soulsister;1;0;1;0;0;0;0;0;0;0;1;1;0;0;0;0;0;0;1;0
The Subways;0;1;0;0;0;0;0;0;0;0;0;0;1;0;1;0;0;0;1;1
Taylor Swift;0;0;0;0;1;0;0;0;0;0;1;0;0;0;1;1;0;1;0;0
Vaccines, the;0;0;0;0;0;0;0;0;1;0;0;0;1;1;1;0;1;0;0;0
Vaya Con Dios;0;1;0;0;1;0;0;1;0;0;0;0;0;1;0;1;0;0;0;0
Wham!;0;1;0;0;0;0;1;0;0;0;0;1;0;0;1;1;0;0;0;0
Winston Surfshirt;0;1;0;0;1;1;0;0;0;0;0;1;0;0;0;0;1;0;0;0
ACRAZE;0;0;0;0;0;1;0;1;1;0;0;0;0;0;0;0;1;0;0;0
Alicia Keys;0;0;0;1;1;0;0;1;1;0;0;0;0;0;0;0;0;0;0;0
ATC;0;0;0;0;0;0;0;0;0;0;0;1;0;0;0;1;1;1;0;0
Blur;0;0;0;0;1;0;0;0;0;0;0;0;1;0;0;0;0;0;1;1
Bob Seger;0;1;0;0;0;0;0;0;0;0;0;1;0;1;0;0;0;1;0;0
Ana Costa;0;1;0;0;1;0;0;1;0;0;0;0;0;1;0;0;0;0;0;0
Bright Eyes;0;0;0;0;1;0;0;0;0;1;0;1;0;0;0;0;0;1;0;0
Charlie Puth;0;0;0;0;0;0;0;1;1;0;0;0;1;0;0;1;0;0;0;0
Chic;0;1;0;0;0;0;0;0;0;0;0;0;1;0;1;0;0;0;0;1
Crystal Waters;0;0;0;0;0;0;0;0;0;0;0;1;0;0;0;1;0;1;1;0
Diana Ross;0;0;1;1;0;0;1;0;0;0;0;1;0;0;0;0;0;0;0;0
Donald Fagen;0;0;1;0;1;0;0;0;0;0;0;0;0;1;0;0;0;1;0;0
Duke Dumont;0;0;0;0;0;0;1;0;1;0;0;0;1;0;0;0;1;0;0;0
Eagles;0;1;0;0;1;1;0;0;0;0;0;0;0;1;0;0;0;0;0;0
Eva Cassidy;0;0;1;0;1;0;1;0;0;0;0;0;0;0;0;0;0;1;0;0
T-Pain;0;0;0;0;0;0;0;0;0;0;1;0;1;0;1;0;0;0;0;1
Grover Washington, Jr.;1;1;1;0;1;0;0;0;0;0;0;0;0;0;0;0;0;0;0;0
Ida Maria;0;1;0;0;0;0;0;1;1;0;0;0;0;0;0;0;0;0;0;1
Indigo Jazzlounge;0;1;0;0;1;0;0;0;0;0;0;1;0;0;0;0;0;0;0;1
Jackson 5;0;0;0;0;1;0;0;0;0;0;1;0;0;1;0;0;0;1;0;0
Jamiroquai;0;0;0;0;1;1;0;1;0;0;1;0;0;0;0;0;0;0;0;0
Jeff Cascaro;0;0;0;1;0;0;0;0;0;0;0;0;0;0;0;1;0;1;0;1
David Hughes;0;0;0;0;0;0;0;0;1;0;0;1;1;0;0;1;0;0;0;0
John Murphy;0;0;0;0;0;0;0;0;1;0;0;1;1;0;0;1;0;0;0;0
John Newman;0;1;0;0;0;1;0;1;0;0;0;0;1;0;0;0;0;0;0;0
El Cata;0;1;0;0;0;0;1;0;1;0;0;0;0;0;0;0;1;0;0;0
Juan Magan;0;1;0;0;0;0;1;0;1;0;0;0;0;0;0;0;1;0;0;0
Juanes;0;1;0;0;0;0;0;1;1;1;0;0;0;0;0;0;0;0;0;0
Kings of Leon;0;0;0;0;1;1;0;0;0;0;0;1;0;1;0;0;0;0;0;0
Luis Fonsi;0;0;0;0;0;0;0;1;1;1;0;0;0;0;1;0;0;0;0;0
M.I.A.;0;0;0;0;0;0;0;0;1;0;0;1;1;0;0;0;0;0;1;0
Marteria;0;0;0;0;0;0;0;0;1;0;1;1;1;0;0;0;0;0;0;0
Massimo Vanoni;0;0;0;0;1;0;0;0;1;0;1;0;0;0;1;0;0;0;0;0
Matthias Reim;0;0;1;1;0;0;0;1;0;0;0;0;0;0;0;0;1;0;0;0
Patrice Rushen;0;0;0;1;0;0;0;1;0;0;0;1;0;0;0;1;0;0;0;0
Psychemagik;0;1;0;0;1;0;0;0;0;0;0;1;0;0;1;0;0;0;0;0
Sam Sparro;0;1;0;0;0;0;0;1;0;0;0;0;0;0;0;1;1;0;0;0
The Shapeshifters;0;0;0;0;1;0;0;0;0;0;0;0;0;0;0;1;0;1;0;1
Sofia Petersson;0;1;0;1;0;0;0;1;1;0;0;0;0;0;0;0;0;0;0;0
Soulounge;1;1;0;0;0;0;0;0;0;0;0;0;0;1;0;0;0;0;1;0
Spider Murphy Gang;0;0;0;0;0;0;0;1;0;1;1;0;0;0;0;0;1;0;0;0
Tones And I;0;0;0;0;0;1;0;0;0;1;1;0;0;0;0;1;0;0;0;0
Tony Holiday;0;0;0;0;0;0;0;0;1;0;1;0;0;0;0;0;0;1;1;0
Zaz;0;1;0;1;0;0;1;0;0;0;0;0;0;0;0;0;0;1;0;0
257ers;0;0;0;0;0;0;0;1;1;0;0;0;0;0;0;0;0;1;0;0
Aeroplane;0;0;0;0;1;1;0;0;0;0;0;0;0;0;1;0;0;0;0;0
a-ha;1;0;0;0;1;0;0;0;0;0;0;0;0;0;0;0;0;0;1;0
Alvaro Soler;0;1;0;0;0;0;0;0;1;1;0;0;0;0;0;0;0;0;0;0
Armin Van Buuren;0;0;0;0;0;0;0;0;0;0;0;0;1;0;0;0;1;0;0;1
Ingrosso;0;0;0;0;0;0;0;0;0;1;0;0;0;0;0;1;0;0;0;1
bbno$;0;0;0;0;0;1;0;0;0;0;0;0;0;0;1;1;0;0;0;0
Beatles, the;0;0;1;0;0;0;0;0;0;0;1;0;0;0;0;1;0;0;0;0
Betty Everett;0;0;0;0;0;0;0;0;1;0;1;0;0;1;0;0;0;0;0;0
Big Mountain;1;0;0;0;0;1;0;0;0;0;0;0;0;0;0;0;0;0;0;1
Black Eyed Peas;0;0;0;0;0;0;0;1;0;0;0;0;1;0;0;1;0;0;0;0
Bläck Fööss;1;0;1;0;0;0;0;0;1;0;0;0;0;0;0;0;0;0;0;0
Black Machine;0;0;0;1;0;0;0;0;0;0;0;0;0;1;1;0;0;0;0;0
Bon Jovi;0;0;0;0;1;0;0;0;0;0;0;0;0;1;0;0;0;0;0;1
Boyz II Men;0;0;0;1;1;1;0;0;0;0;0;0;0;0;0;0;0;0;0;0
Boz Scaggs;1;0;0;0;0;0;0;0;0;0;0;0;0;0;0;1;0;0;0;1
Brian Briggs;0;0;1;0;1;0;0;0;0;0;0;1;0;0;0;0;0;0;0;0
Buffalo Springfield;0;0;0;0;0;0;0;1;1;0;0;0;0;1;0;0;0;0;0;0
Carl Perkins;0;0;1;0;0;0;0;0;1;0;0;0;0;0;0;0;0;1;0;0
Cassandra Melt;0;0;0;0;1;1;0;0;0;0;1;0;0;0;0;0;0;0;0;0
Celeste;0;0;0;0;0;0;0;0;0;0;0;0;0;0;1;1;0;1;0;0
Change;0;1;0;0;0;1;0;0;0;0;1;0;0;0;0;0;0;0;0;0
Christoph Spendel;0;1;1;0;0;0;0;0;0;0;0;0;0;0;0;0;1;0;0;0
Christopher Cross;0;0;0;0;0;0;0;0;1;0;1;0;0;0;0;1;0;0;0;0
Culcha Candela;0;0;0;0;0;0;0;0;0;1;0;0;1;0;0;1;0;0;0;0
Dan Hartman;1;0;1;0;0;0;1;0;0;0;0;0;0;0;0;0;0;0;0;0
Dean Martin;0;0;0;0;1;0;0;1;0;0;0;0;0;0;0;0;0;1;0;0
Gladys Knight;0;0;1;0;1;0;0;0;0;0;0;1;0;0;0;0;0;0;0;0
Disco Boys;0;0;0;0;0;0;0;0;1;0;1;0;0;0;0;0;0;1;0;0
Donna Lewis;0;0;0;0;0;0;0;1;0;0;0;0;0;0;0;1;1;0;0;0
Doors, the;0;0;0;0;0;0;0;1;1;0;1;0;0;0;0;0;0;0;0;0
The Drifters;0;0;0;1;0;0;1;0;1;0;0;0;0;0;0;0;0;0;0;0
Eliane Elias;0;1;0;0;0;1;0;0;1;0;0;0;0;0;0;0;0;0;0;0
Elvis Presley;1;0;1;0;0;0;0;0;1;0;0;0;0;0;0;0;0;0;0;0
Estelle;0;1;0;0;0;0;0;0;0;0;0;0;0;0;0;0;1;1;0;0
Eurythmics;1;0;1;0;0;0;0;0;0;0;0;0;0;1;0;0;0;0;0;0
Gwen Stefani;0;0;0;0;0;0;0;0;1;0;1;1;0;0;0;0;0;0;0;0
FabioLous Barker;0;0;0;0;0;0;0;0;0;0;1;0;0;0;0;1;0;0;0;1
Felix Jaehn;0;0;0;0;0;0;0;0;0;1;0;0;0;1;0;1;0;0;0;0
Gayle;0;0;0;0;0;0;0;0;1;0;0;0;1;0;0;0;0;0;1;0
Genesis;1;0;0;0;0;0;0;0;0;1;0;0;0;0;0;1;0;0;0;0
Ginuwine;0;0;0;0;0;0;0;0;0;1;0;1;0;0;0;0;0;0;1;0
Gipsy Kings;1;1;0;0;0;0;0;0;1;0;0;0;0;0;0;0;0;0;0;0
Gloria Gaynor;1;0;1;0;0;0;1;0;0;0;0;0;0;0;0;0;0;0;0;0
Hot Chocolate;1;0;0;0;0;0;1;0;0;0;0;1;0;0;0;0;0;0;0;0
Hubert Kah;0;0;0;1;0;0;0;1;0;1;0;0;0;0;0;0;0;0;0;0
Leee John;0;0;0;0;0;0;1;0;1;0;0;1;0;0;0;0;0;0;0;0
BYOR;0;0;0;0;0;0;0;0;0;0;0;0;0;0;0;0;1;0;1;1
Imanbek;0;0;0;0;0;0;0;0;0;0;0;0;0;0;0;0;1;0;1;1
Ini Kamoze;0;0;0;0;0;0;0;0;0;1;0;0;1;0;0;0;0;0;1;0
James Blunt;0;1;0;0;0;1;0;1;0;0;0;0;0;0;0;0;0;0;0;0
Jasmine Thompson;0;0;0;0;0;0;0;0;0;1;0;0;0;0;0;1;1;0;0;0
Jesper Munk;0;0;0;0;0;0;0;0;0;1;0;1;0;1;0;0;0;0;0;0
Jose 'El Canario' Alberto;0;0;0;0;1;0;0;1;0;0;0;0;0;0;0;0;0;0;0;1
Cookin' On 3 Burners;0;0;0;0;0;0;0;1;0;0;0;0;0;1;0;0;1;0;0;0
Kygo;1;0;0;0;0;1;0;0;0;0;0;0;0;1;0;0;0;0;0;0
Latin Flavour;0;0;0;0;0;0;0;0;0;0;0;0;0;1;0;1;0;0;0;1
Lisa Wahlandt;1;0;0;0;1;0;0;1;0;0;0;0;0;0;0;0;0;0;0;0
Los del Rio;0;1;0;0;0;0;0;1;0;1;0;0;0;0;0;0;0;0;0;0
Louis Prima;0;0;1;0;0;0;0;0;0;0;0;0;0;0;0;0;0;1;0;1
Luxxury;0;1;0;0;1;0;0;0;0;0;0;0;0;0;0;0;0;0;1;0
Mariah Carey;0;0;0;0;1;0;1;0;0;0;0;0;0;0;0;1;0;0;0;0
Max Greger;0;1;0;0;0;0;0;1;0;0;0;0;0;0;0;0;1;0;0;0
Mighty Mouse;1;0;0;0;0;0;1;0;0;0;0;0;0;0;0;1;0;0;0;0
Moby;0;0;0;0;0;1;1;0;0;0;0;0;0;0;0;0;0;1;0;0
Moca;0;0;0;0;0;0;1;1;0;0;0;1;0;0;0;0;0;0;0;0
Mr. Big;0;0;0;0;0;0;0;0;0;1;0;1;0;1;0;0;0;0;0;0
Mr. Probz;0;0;0;0;1;0;0;1;0;0;0;0;0;0;0;0;1;0;0;0
Ned Doheny;0;0;0;0;0;0;0;1;0;0;1;0;0;1;0;0;0;0;0;0
No Doubt;0;0;0;0;0;1;0;0;0;0;0;0;0;0;0;0;0;0;1;1
Oasis;0;0;0;0;0;1;0;0;1;0;0;0;0;0;0;0;0;0;0;1
Otis Redding;0;0;0;0;1;0;0;1;1;0;0;0;0;0;0;0;0;0;0;0
Panic! At The Disco;0;0;0;0;0;0;0;0;1;0;0;1;1;0;0;0;0;0;0;0
Paolo Nutini;0;0;0;0;0;0;0;0;0;1;0;0;1;0;0;0;1;0;0;0
Peter Schilling;0;0;0;0;0;0;1;1;0;0;0;0;0;0;1;0;0;0;0;0
Pigeon John;0;0;0;0;0;1;0;0;0;0;1;0;0;0;0;0;1;0;0;0
Poolside;0;0;0;0;0;0;0;0;1;0;1;0;0;0;1;0;0;0;0;0
Regard;0;0;0;0;0;1;0;0;0;0;0;0;0;0;0;1;0;1;0;0
Sam Cooke;1;0;0;0;1;1;0;0;0;0;0;0;0;0;0;0;0;0;0;0
Santana;1;1;0;0;0;0;0;0;0;0;0;0;0;1;0;0;0;0;0;0
Seiler und Speer;0;0;0;1;0;0;0;0;0;0;1;0;0;0;0;0;0;0;1;0
Snap!;0;0;0;0;0;0;0;0;0;0;0;0;0;1;0;1;0;1;0;0
St. Germain;1;0;0;0;0;0;0;0;0;0;0;1;1;0;0;0;0;0;0;0
Stromae;0;0;0;0;0;1;0;0;1;0;0;0;1;0;0;0;0;0;0;0
Tahiti 80;0;0;0;0;0;0;0;0;1;0;0;1;0;0;0;0;0;0;0;1
Take That;0;0;0;0;0;0;0;0;1;0;0;0;0;1;0;0;1;0;0;0
Terry Callier;0;0;0;1;1;0;0;0;0;0;1;0;0;0;0;0;0;0;0;0
Tiesto;0;0;0;0;1;0;0;0;1;0;0;0;1;0;0;0;0;0;0;0
Tom Misch;0;0;0;1;0;0;0;1;0;0;1;0;0;0;0;0;0;0;0;0
Die Toten Hosen;0;0;0;1;0;0;0;0;0;0;0;1;0;0;0;0;0;0;1;0
Toto;0;0;0;1;0;0;0;0;1;0;0;0;0;0;0;0;0;1;0;0
Udo Jürgens;0;0;1;1;0;0;0;0;1;0;0;0;0;0;0;0;0;0;0;0
Willie Bobo;1;0;0;0;1;0;0;0;0;0;0;0;1;0;0;0;0;0;0;0
Xavier Rudd;0;0;0;0;0;0;0;0;0;1;0;1;0;1;0;0;0;0;0;0
2-Man Legend;0;0;0;0;0;0;0;1;0;0;0;0;0;0;0;0;0;0;1;0
50 Cent;0;0;0;0;0;0;0;0;1;0;0;0;0;0;0;0;0;0;1;0
Aerosmith;0;0;0;0;0;0;0;0;0;1;0;0;0;0;0;0;0;0;0;1
Akmusique;0;0;0;1;0;0;0;0;0;0;0;0;0;0;0;0;0;1;0;0
Al Green;0;0;0;1;0;0;0;0;1;0;0;0;0;0;0;0;0;0;0;0
Alcazar;0;0;0;0;0;0;0;0;0;0;0;0;0;0;0;0;0;0;1;1
Alex Cortiz;1;0;0;0;1;0;0;0;0;0;0;0;0;0;0;0;0;0;0;0
Alex Gaudino feat. Crystal Waters;0;0;0;0;0;0;0;0;0;0;0;0;0;0;0;1;0;0;1;0
Alex Reece;0;0;0;0;0;0;0;1;0;0;0;1;0;0;0;0;0;0;0;0
Alligatoah;0;0;0;0;0;0;0;0;0;0;0;1;1;0;0;0;0;0;0;0
America;1;0;0;0;0;0;0;0;0;0;0;0;0;1;0;0;0;0;0;0
Los Lobos;0;1;0;0;0;0;0;0;1;0;0;0;0;0;0;0;0;0;0;0
Apache 207;0;0;0;0;0;0;0;0;0;0;0;0;1;0;0;0;0;0;1;0
Aventura;0;1;0;0;0;0;0;0;0;0;0;0;0;0;1;0;0;0;0;0
Bangles;0;0;0;0;0;0;0;0;0;0;0;0;0;0;0;0;1;0;1;0
Beginner;0;0;0;0;0;0;0;0;1;0;0;1;0;0;0;0;0;0;0;0
Bert Kaempfert;0;0;1;0;0;0;0;0;0;0;0;0;0;0;0;0;0;1;0;0
Big Kölsch Orchestra;0;0;1;0;0;0;0;0;1;0;0;0;0;0;0;0;0;0;0;0
Blink-182;0;0;0;0;0;0;0;0;0;0;1;0;0;0;0;0;0;0;1;0
Blonde;0;0;0;0;0;0;0;0;0;1;0;0;0;0;1;0;0;0;0;0
Blues Brothers;0;0;0;0;0;0;0;0;0;0;1;1;0;0;0;0;0;0;0;0
Bobby McFerrin;1;0;0;0;0;0;0;0;0;0;0;0;0;0;0;0;0;0;0;1
Bobby Womack;0;0;0;0;0;0;0;1;0;0;0;0;0;0;0;0;0;0;0;1
Maxwell;0;0;0;0;0;0;0;0;1;0;0;0;0;0;0;0;0;0;1;0
Brothers of Hope;0;0;0;0;0;0;1;0;0;0;0;0;0;0;0;0;1;0;0;0
Silk Sonic;0;1;0;0;0;1;0;0;0;0;0;0;0;0;0;0;0;0;0;0
Cerrone;0;0;0;0;0;0;1;1;0;0;0;0;0;0;0;0;0;0;0;0
Chaka Demus;0;1;0;0;0;0;0;0;0;0;0;0;0;0;0;0;0;0;1;0
Chordettes;0;0;1;0;0;0;0;0;0;0;0;0;0;0;0;0;0;1;0;0
Christina Aguilera;0;0;0;1;0;0;0;0;0;0;0;0;0;1;0;0;0;0;0;0
Chuck Berry;0;0;0;0;0;0;0;0;1;0;0;0;0;0;0;0;0;1;0;0
Chumbawamba;0;0;0;0;0;0;0;0;0;0;1;0;0;0;0;0;0;0;1;0
Colbie Caillat;1;0;0;0;0;1;0;0;0;0;0;0;0;0;0;0;0;0;0;0
Coldplay;0;0;0;0;0;0;0;0;0;0;0;0;0;0;0;0;1;0;0;1
Rival;0;0;0;0;0;1;0;0;0;0;0;0;0;0;0;1;0;0;0;0
Conor Byrne;0;0;0;0;0;1;0;0;0;0;0;0;0;0;0;1;0;0;0;0
Corona;0;0;0;0;0;0;0;0;0;0;0;0;0;0;0;1;1;0;0;0
Cyndi Lauper;0;0;0;0;0;0;1;0;0;1;0;0;0;0;0;0;0;0;0;0
Dalida;1;0;0;0;0;0;1;0;0;0;0;0;0;0;0;0;0;0;0;0
Debonair;0;0;0;0;1;0;0;0;0;0;0;0;0;0;0;0;0;0;0;1
Des'Ree;0;0;0;0;0;0;0;0;0;0;0;1;0;0;0;0;0;0;0;1
The Emerald Express;1;0;0;0;0;0;0;0;0;0;0;0;0;1;0;0;0;0;0;0
Dexys Midnight Runners;1;0;0;0;0;0;0;0;0;0;0;0;0;1;0;0;0;0;0;0
Diana Krall;0;0;1;0;0;0;0;0;0;0;0;0;1;0;0;0;0;0;0;0
Dionne Warwick;1;0;0;0;1;0;0;0;0;0;0;0;0;0;0;0;0;0;0;0
Disco Polo;0;0;0;0;0;0;0;0;1;0;0;0;0;1;0;0;0;0;0;0
Dixie Cups;0;0;0;0;0;1;0;0;1;0;0;0;0;0;0;0;0;0;0;0
DNCE;0;0;0;0;0;0;0;0;0;0;0;0;0;1;1;0;0;0;0;0
"Peter ""Fesperanto"" Fessler";1;0;0;0;0;0;0;0;0;0;1;0;0;0;0;0;0;0;0;0
Don Grusin;1;0;0;0;0;0;0;0;0;0;1;0;0;0;0;0;0;0;0;0
Dusty Springfield;1;0;0;0;0;1;0;0;0;0;0;0;0;0;0;0;0;0;0;0
Gigi D'Agostino;0;0;0;0;0;0;0;0;0;0;0;0;0;0;0;1;0;1;0;0
Dynoro;0;0;0;0;0;0;0;0;0;0;0;0;0;0;0;1;0;1;0;0
Eierplätzchenbänd;1;1;0;0;0;0;0;0;0;0;0;0;0;0;0;0;0;0;0;0
Eiffel 65;0;0;0;0;0;1;0;1;0;0;0;0;0;0;0;0;0;0;0;0
Ellie Goulding;0;0;0;0;0;1;0;0;0;0;0;0;0;0;0;0;0;0;0;1
George Michael;0;0;1;0;0;0;0;0;0;0;0;0;0;0;0;0;1;0;0;0
Enrique Iglesias;0;1;0;0;1;0;0;0;0;0;0;0;0;0;0;0;0;0;0;0
Eros Ramazzotti;0;0;1;0;0;0;0;0;0;0;0;0;0;0;0;0;0;0;1;0
Escort;0;0;0;0;0;0;0;0;0;1;0;0;0;0;0;0;0;0;0;1
Faithless;0;0;0;0;0;0;0;0;0;0;1;0;0;0;0;0;0;1;0;0
Fake Pictures;0;0;0;0;0;0;0;0;0;0;0;0;0;0;0;0;0;0;1;1
Fifth Harmony;0;0;0;0;0;1;0;0;0;0;0;0;0;0;0;0;0;0;1;0
FISHER;0;0;0;0;0;0;0;0;0;0;1;0;0;0;0;0;0;0;0;1
Folklabor;0;0;0;0;0;0;0;0;0;0;1;0;0;0;0;0;1;0;0;0
Fools Garden;0;0;0;0;0;0;0;0;0;0;0;0;0;0;0;0;1;0;1;0
Freddie Jackson;0;1;0;0;1;0;0;0;0;0;0;0;0;0;0;0;0;0;0;0
Gary Barlow;0;0;0;0;1;0;0;0;0;0;0;0;0;0;0;0;0;1;0;0
The Pips;0;0;1;0;0;0;0;0;0;0;0;1;0;0;0;0;0;0;0;0
Gloria Estefan;0;1;0;0;0;0;0;0;0;0;1;0;0;0;0;0;0;0;0;0
Gloria Jones;0;0;0;1;0;0;0;0;1;0;0;0;0;0;0;0;0;0;0;0
Greg Wilson;0;0;0;0;0;0;0;0;1;0;1;0;0;0;0;0;0;0;0;0
The Reynolds;0;0;0;0;1;0;0;0;1;0;0;0;0;0;0;0;0;0;0;0
Gusttavo Lima;0;1;0;0;0;0;0;1;0;0;0;0;0;0;0;0;0;0;0;0
Gwen McCrae;0;0;0;0;0;0;1;1;0;0;0;0;0;0;0;0;0;0;0;0
Harry Styles;0;0;0;0;0;0;0;0;0;1;0;0;0;0;0;1;0;0;0;0
Hugh Jackman;0;0;0;0;0;0;0;0;0;0;1;1;0;0;0;0;0;0;0;0
Ike & Tina Turner;0;0;1;0;0;0;0;0;0;0;0;0;0;0;0;1;0;0;0;0
Il Santo;0;0;0;0;0;0;0;0;0;0;0;0;0;1;0;0;0;0;0;1
Incognito;1;0;0;0;0;0;0;1;0;0;0;0;0;0;0;0;0;0;0;0
Inner Circle;0;0;0;0;0;0;0;1;0;0;1;0;0;0;0;0;0;0;0;0
Isley Brothers;0;0;0;1;0;0;0;0;0;0;0;0;0;0;0;0;0;1;0;0
Ivy Quainoo;0;0;0;0;1;0;0;0;0;0;0;0;0;0;0;0;0;1;0;0
Jack Radics;0;0;0;0;0;0;0;0;1;0;0;0;0;0;0;0;0;0;0;1
James Brown;0;0;0;1;0;0;1;0;0;0;0;0;0;0;0;0;0;0;0;0
Janet Jackson;0;0;0;0;0;0;0;1;0;0;0;1;0;0;0;0;0;0;0;0
Jason Derulo;0;0;0;0;0;1;0;0;1;0;0;0;0;0;0;0;0;0;0;0
Jason Mraz;0;0;0;1;0;1;0;0;0;0;0;0;0;0;0;0;0;0;0;0
Jazz Against The Machine;0;0;0;0;1;0;0;0;0;0;0;0;0;0;0;0;0;0;0;1
José De Rico;0;1;0;0;0;0;0;0;0;1;0;0;0;0;0;0;0;0;0;0
Justice;0;0;0;0;0;0;0;0;1;0;0;0;0;0;0;0;0;1;0;0
Karen Souza;0;0;0;0;0;0;0;0;0;0;0;0;0;0;0;0;0;1;1;0
Kasalla;0;0;1;0;0;0;0;0;1;0;0;0;0;0;0;0;0;0;0;0
Katie Melua;0;0;1;0;0;1;0;0;0;0;0;0;0;0;0;0;0;0;0;0
Jojo;0;0;0;0;1;0;0;0;0;0;0;0;0;0;0;1;0;0;0;0
Keane;0;0;0;0;0;0;0;0;0;0;1;0;1;0;0;0;0;0;0;0
Jamule;0;0;0;0;0;0;0;0;0;0;0;0;1;0;0;0;0;0;1;0
KitschKrieg;0;0;0;0;0;0;0;0;0;0;0;0;1;0;0;0;0;0;1;0
Kraftklub;0;0;0;1;0;0;0;0;0;0;0;0;0;0;0;0;0;0;1;0
Kruder;0;0;0;0;0;0;0;0;0;0;0;0;0;0;1;0;0;1;0;0
Kyoto Jazz Massive;0;0;0;0;1;0;0;1;0;0;0;0;0;0;0;0;0;0;0;0
Leningrad Cowboys;0;1;0;0;0;0;0;0;0;0;0;1;0;0;0;0;0;0;0;0
Leo Sayer;0;0;0;0;0;0;1;0;0;0;0;0;0;1;0;0;0;0;0;0
Leonard Cohen;0;0;0;0;0;0;0;0;0;1;0;0;0;0;0;0;0;1;0;0
Lionel Richie;0;0;0;1;0;0;0;0;0;0;0;0;0;0;0;1;0;0;0;0
Little Big;0;0;0;0;0;0;0;0;0;0;0;0;1;0;0;0;1;0;0;0
Little Richard;0;0;1;0;0;0;0;0;0;0;0;0;0;0;0;0;0;1;0;0
Lost Frequencies;0;0;0;0;0;0;0;0;0;0;0;0;0;1;0;0;0;1;0;0
Lykke Li;0;0;0;0;1;0;0;0;0;0;0;0;0;0;0;0;0;1;0;0
Madonna;0;0;0;0;0;0;1;0;0;1;0;0;0;0;0;0;0;0;0;0
Major Lazer;0;1;0;0;0;0;0;0;0;0;0;0;0;0;1;0;0;0;0;0
The Flexican;0;1;0;0;0;0;0;0;0;0;0;0;0;0;1;0;0;0;0;0
FS Green;0;1;0;0;0;0;0;0;0;0;0;0;0;0;1;0;0;0;0;0
Busy Signal;0;1;0;0;0;0;0;0;0;0;0;0;0;0;1;0;0;0;0;0
The Mamas & the Papas;1;0;0;0;1;0;0;0;0;0;0;0;0;0;0;0;0;0;0;0
Marc Anthony;0;1;0;0;0;0;0;0;0;1;0;0;0;0;0;0;0;0;0;0
Marcos Valle;0;1;0;0;0;0;1;0;0;0;0;0;0;0;0;0;0;0;0;0
Marilyn Manson;0;1;0;0;0;0;0;0;0;1;0;0;0;0;0;0;0;0;0;0
Marius Müller-Westernhagen;0;0;0;0;0;0;0;0;0;1;0;0;0;1;0;0;0;0;0;0
Mark Morrison;0;0;0;1;0;0;1;0;0;0;0;0;0;0;0;0;0;0;0;0
Sam White;0;0;0;0;1;0;0;0;0;0;0;0;0;0;0;0;0;1;0;0
Massive Attack;0;0;0;0;0;1;1;0;0;0;0;0;0;0;0;0;0;0;0;0
Max Mutzke;0;0;0;0;1;0;0;1;0;0;0;0;0;0;0;0;0;0;0;0
Michael Buble;0;0;1;0;1;0;0;0;0;0;0;0;0;0;0;0;0;0;0;0
Monkey Boots;0;0;0;0;0;0;1;0;0;0;0;1;0;0;0;0;0;0;0;0
Namika;0;1;0;0;0;1;0;0;0;0;0;0;0;0;0;0;0;0;0;0
Nancy Sinatra;1;0;0;0;0;0;0;0;0;0;0;0;1;0;0;0;0;0;0;0
Nick Straker;0;0;0;0;0;0;0;0;0;0;1;0;0;0;0;1;0;0;0;0
Nina Chuba;0;0;0;0;0;0;0;0;0;0;0;0;0;0;0;0;0;0;1;1
Nina Sky;0;0;0;0;0;0;0;0;0;1;0;1;0;0;0;0;0;0;0;0
NSync;0;0;0;0;0;0;0;0;0;0;0;0;1;1;0;0;0;0;0;0
Opus;1;0;1;0;0;0;0;0;0;0;0;0;0;0;0;0;0;0;0;0
Orchester Joe Jerkins;0;0;0;0;0;0;0;1;0;0;0;1;0;0;0;0;0;0;0;0
Die Orsons;0;0;0;0;1;0;0;0;0;0;0;0;0;0;0;1;0;0;0;0
OutKast;0;0;0;0;0;0;0;0;0;0;0;0;1;0;0;1;0;0;0;0
Öwnboss;0;0;0;0;0;0;0;0;0;0;0;0;0;0;0;0;1;0;0;1
Paolo Conte;0;0;0;0;0;0;1;0;0;0;0;0;0;0;0;0;0;1;0;0
Papa Roach;0;0;0;0;0;0;0;0;0;0;0;0;0;0;1;0;0;0;1;0
Parcels;0;0;0;0;0;1;0;0;0;0;0;1;0;0;0;0;0;0;0;0
People's Choice;0;0;0;0;0;0;1;1;0;0;0;0;0;0;0;0;0;0;0;0
Persuasions;0;0;1;0;0;0;0;0;0;0;0;0;0;0;0;0;0;0;0;1
Pet Shop Boys;0;0;0;0;0;0;1;0;0;0;0;0;0;1;0;0;0;0;0;0
Poncho Sanchez;1;1;0;0;0;0;0;0;0;0;0;0;0;0;0;0;0;0;0;0
Portugal. The Man;0;0;0;0;1;0;0;0;0;0;0;0;0;0;0;0;0;0;1;0
Prince Karma;0;0;0;0;1;0;0;0;0;0;1;0;0;0;0;0;0;0;0;0
David Bowie;0;0;0;0;0;0;1;0;0;0;0;0;0;0;0;1;0;0;0;0
Ram Jam;0;0;0;0;0;0;0;0;0;0;0;0;0;0;1;0;0;0;0;1
Patricia Quinn;0;0;0;0;0;0;0;0;0;0;0;0;0;0;0;0;0;1;1;0
Nell Campbell;0;0;0;0;0;0;0;0;0;0;0;0;0;0;0;0;0;1;1;0
Charles Gray;0;0;0;0;0;0;0;0;0;0;0;0;0;0;0;0;0;1;1;0
Richard O'Brien;0;0;0;0;0;0;0;0;0;0;0;0;0;0;0;0;0;1;1;0
Rickie Lee Jones;1;0;1;0;0;0;0;0;0;0;0;0;0;0;0;0;0;0;0;0
Robin S.;0;0;0;0;0;0;0;0;0;0;0;1;0;0;0;1;0;0;0;0
Robin Schulz;0;0;0;0;0;0;0;0;0;0;0;0;0;1;0;1;0;0;0;0
Ron louis Smith 2nd;0;0;0;1;0;0;0;0;0;0;0;0;0;0;0;0;0;0;1;0
Sagi Abitbul;0;1;0;0;0;0;0;0;0;0;0;0;0;0;0;0;0;1;0;0
Sasha;0;0;0;0;0;0;0;0;0;0;0;0;0;0;0;0;1;0;1;0
Seal;0;0;1;0;0;0;0;0;0;0;0;0;0;0;0;0;0;0;1;0
Senor Coconut;0;1;0;0;0;0;0;0;0;0;0;0;1;0;0;0;0;0;0;0
Shabba Ranks;0;0;0;0;0;0;0;0;0;0;1;0;0;0;0;0;0;0;1;0
Shaggy;0;1;0;0;0;0;0;0;1;0;0;0;0;0;0;0;0;0;0;0
Shakin' Stevens;1;0;0;0;0;0;0;0;0;0;0;0;0;0;0;0;0;1;0;0
Wyclef Jean;0;0;0;0;0;1;0;0;0;0;0;0;0;0;1;0;0;0;0;0
Shazz;0;1;0;0;0;0;0;0;0;0;0;0;0;0;0;0;0;1;0;0
Gregor Salto;0;1;0;0;1;0;0;0;0;0;0;0;0;0;0;0;0;0;0;0
Simon Fava;0;1;0;0;1;0;0;0;0;0;0;0;0;0;0;0;0;0;0;0
Simply Red;0;0;0;0;0;0;0;0;0;0;0;0;0;0;1;0;1;0;0;0
Sister Sledge;0;0;0;0;0;0;0;0;0;0;0;0;1;0;0;0;0;0;0;1
Spin Doctors;0;0;0;1;0;0;0;0;0;0;0;0;0;0;0;0;0;0;1;0
Sportfreunde Stiller;0;0;0;1;0;0;0;1;0;0;0;0;0;0;0;0;0;0;0;0
Stacey Kent;0;0;0;0;0;0;0;0;0;0;1;0;0;0;0;1;0;0;0;0
Tag Team;0;0;0;0;0;0;0;0;0;1;0;0;0;0;0;0;0;0;1;0
Tape Five;1;0;0;0;0;0;0;0;0;0;0;1;0;0;0;0;0;0;0;0
Teddy Pendergrass;0;0;0;0;1;0;0;0;0;0;0;0;0;0;0;1;0;0;0;0
Timmy Thomas;0;0;0;0;0;1;0;1;0;0;0;0;0;0;0;0;0;0;0;0
Tracy Chapman;0;1;0;0;0;0;0;0;0;0;1;0;0;0;0;0;0;0;0;0
Trini Lopez;1;0;1;0;0;0;0;0;0;0;0;0;0;0;0;0;0;0;0;0
Venus;0;0;0;0;0;0;0;0;0;0;0;0;0;0;0;1;0;0;1;0
Victor Peixiero;0;0;0;1;0;0;0;0;0;0;0;0;0;0;0;0;0;1;0;0
Von Wegen Lisbeth;0;0;0;0;0;0;0;0;0;0;1;0;0;0;0;0;0;0;1;0
Walk The Moon;0;0;0;0;0;0;0;1;0;0;0;0;0;0;0;0;0;0;0;1
Wheatus;0;0;0;0;1;0;0;0;0;0;0;1;0;0;0;0;0;0;0;0
Will Smith;0;0;0;0;0;0;0;1;0;0;0;0;0;0;0;1;0;0;0;0
William Pitt;0;0;0;0;0;0;0;0;0;0;0;0;0;0;1;0;1;0;0;0
Yann Tiersen;0;0;0;0;1;0;0;1;0;0;0;0;0;0;0;0;0;0;0;0
Yolanda Be Cool & Dcup;0;0;0;0;0;0;0;1;0;0;0;0;1;0;0;0;0;0;0;0
The Zutons;0;0;0;0;0;0;0;0;0;0;0;1;0;1;0;0;0;0;0;0
"""Joliet"" Jake Blues";0;0;0;0;0;0;0;0;0;1;0;0;0;0;0;0;0;0;0;0
2Raumwohnung;1;0;0;0;0;0;0;0;0;0;0;0;0;0;0;0;0;0;0;0
4 Non Blondes;0;0;0;0;0;0;0;0;0;1;0;0;0;0;0;0;0;0;0;0
4 to the Bar;0;0;0;0;0;0;0;0;0;0;0;0;0;0;0;0;1;0;0;0
40 Thieves;0;0;0;0;0;0;0;0;0;0;1;0;0;0;0;0;0;0;0;0
48th St. Collective;0;0;1;0;0;0;0;0;0;0;0;0;0;0;0;0;0;0;0;0
Ace Of Base;0;0;0;0;0;0;0;0;0;0;0;1;0;0;0;0;0;0;0;0
Adriano Celentano;0;0;1;0;0;0;0;0;0;0;0;0;0;0;0;0;0;0;0;0
Adss;0;0;0;0;0;0;0;0;0;0;0;0;0;0;0;0;0;1;0;0
Afrob;0;0;0;0;0;0;0;0;0;0;0;0;0;0;0;0;1;0;0;0
Agapornis;0;1;0;0;0;0;0;0;0;0;0;0;0;0;0;0;0;0;0;0
Akcent;0;0;0;0;0;0;0;0;1;0;0;0;0;0;0;0;0;0;0;0
Akcent & Kroppa;0;0;0;0;0;0;0;0;1;0;0;0;0;0;0;0;0;0;0;0
Alanis Morissette;0;0;0;0;0;0;0;0;0;0;0;0;0;0;1;0;0;0;0;0
Albeezy;0;1;0;0;0;0;0;0;0;0;0;0;0;0;0;0;0;0;0;0
Alice Merton;0;0;0;0;0;1;0;0;0;0;0;0;0;0;0;0;0;0;0;0
All-4-One;0;0;0;0;0;0;0;0;0;0;0;0;0;0;0;0;0;0;0;1
Alle Achtung;0;0;0;0;1;0;0;0;0;0;0;0;0;0;0;0;0;0;0;0
Alphaville;0;0;0;0;0;0;0;0;0;0;1;0;0;0;0;0;0;0;0;0
"Alvaro Soler;Jennifer Lopez";0;0;0;0;0;0;0;0;1;0;0;0;0;0;0;0;0;0;0;0
Ambrosia;0;0;1;0;0;0;0;0;0;0;0;0;0;0;0;0;0;0;0;0
Amr Diab;0;0;0;0;0;1;0;0;0;0;0;0;0;0;0;0;0;0;0;0
Andreas Bourani;0;0;0;0;0;0;0;0;1;0;0;0;0;0;0;0;0;0;0;0
Andrew Sisters;0;0;0;0;0;0;0;0;0;0;0;0;0;0;0;0;0;1;0;0
Anita O'Day;0;0;0;0;0;0;0;0;0;0;0;0;0;0;0;0;0;1;0;0
Anita Ward;0;0;0;0;0;0;1;0;0;0;0;0;0;0;0;0;0;0;0;0
Antonio Banderas;0;0;0;0;0;0;0;0;1;0;0;0;0;0;0;0;0;0;0;0
Antonio Carlos Jobim;1;0;0;0;0;0;0;0;0;0;0;0;0;0;0;0;0;0;0;0
Antônio Carlos Jobim;0;0;1;0;0;0;0;0;0;0;0;0;0;0;0;0;0;0;0;0
Archie Bell;0;0;0;0;0;0;1;0;0;0;0;0;0;0;0;0;0;0;0;0
Art Company;0;0;1;0;0;0;0;0;0;0;0;0;0;0;0;0;0;0;0;0
Artful Dodger;0;0;0;0;1;0;0;0;0;0;0;0;0;0;0;0;0;0;0;0
Arthur Conley;0;0;0;1;0;0;0;0;0;0;0;0;0;0;0;0;0;0;0;0
Asaf Avidan & The Mojos;0;0;0;0;0;0;0;0;0;1;0;0;0;0;0;0;0;0;0;0
Auf Pomali;0;0;0;1;0;0;0;0;0;0;0;0;0;0;0;0;0;0;0;0
Augusto Alguero;1;0;0;0;0;0;0;0;0;0;0;0;0;0;0;0;0;0;0;0
Ava Max;0;0;0;0;0;1;0;0;0;0;0;0;0;0;0;0;0;0;0;0
Average White Band;0;0;0;0;0;0;0;0;0;0;0;0;0;0;0;1;0;0;0;0
Avril Lavigne;0;0;0;0;0;0;0;0;0;0;1;0;0;0;0;0;0;0;0;0
Ayo;0;0;0;0;0;0;0;0;0;0;0;0;0;0;0;0;1;0;0;0
Azymuth;0;0;0;0;0;0;0;0;0;0;0;0;1;0;0;0;0;0;0;0
Baby Lores;0;1;0;0;0;0;0;0;0;0;0;0;0;0;0;0;0;0;0;0
Baha Men;0;0;0;0;0;0;0;0;0;0;0;0;0;0;0;0;0;0;0;1
Ballin' Jack;0;0;0;0;0;0;1;0;0;0;0;0;0;0;0;0;0;0;0;0
BAP;1;0;0;0;0;0;0;0;0;0;0;0;0;0;0;0;0;0;0;0
Barbara Acklin;0;0;1;0;0;0;0;0;0;0;0;0;0;0;0;0;0;0;0;0
Barbie Gaye;0;0;0;0;0;0;0;0;0;0;0;0;0;0;0;0;0;1;0;0
Barden Bellas;0;0;0;0;0;0;0;0;0;0;0;0;0;0;0;0;1;0;0;0
Barry Manilow;0;1;0;0;0;0;0;0;0;0;0;0;0;0;0;0;0;0;0;0
Bastille;0;0;0;0;1;0;0;0;0;0;0;0;0;0;0;0;0;0;0;0
Bat For Lashes;0;0;0;0;0;0;0;0;0;0;0;0;0;0;0;0;1;0;0;0
Bazeado;0;0;0;0;0;0;0;0;0;0;0;0;0;0;1;0;0;0;0;0
Beach Boys;0;0;1;0;0;0;0;0;0;0;0;0;0;0;0;0;0;0;0;0
Beanfield;0;0;0;0;1;0;0;0;0;0;0;0;0;0;0;0;0;0;0;0
Ben Eggs;0;0;0;0;0;0;0;1;0;0;0;0;0;0;0;0;0;0;0;0
Bert Kaempfert & his Orchestra;0;0;0;0;0;0;0;0;0;0;0;0;0;0;0;0;0;1;0;0
Bill Curtis;0;0;0;0;0;0;0;0;0;1;0;0;0;0;0;0;0;0;0;0
Bill Haley & his Comets;0;0;0;0;0;0;0;0;0;0;0;0;0;0;0;0;0;1;0;0
Bobby Hackett;1;0;0;0;0;0;0;0;0;0;0;0;0;0;0;0;0;0;0;0
Billy Butterfiled;1;0;0;0;0;0;0;0;0;0;0;0;0;0;0;0;0;0;0;0
Billy Idol;0;0;0;0;0;0;0;0;0;0;0;0;0;0;1;0;0;0;0;0
Billy Ocean;0;0;0;0;1;0;0;0;0;0;0;0;0;0;0;0;0;0;0;0
Billy Talent;0;0;0;0;0;0;0;0;1;0;0;0;0;0;0;0;0;0;0;0
Grace Kelly;0;0;1;0;0;0;0;0;0;0;0;0;0;0;0;0;0;0;0;0
Bing Crosby;0;0;1;0;0;0;0;0;0;0;0;0;0;0;0;0;0;0;0;0
BLACKPINK;0;0;0;0;0;1;0;0;0;0;0;0;0;0;0;0;0;0;0;0
Blackstreet;0;1;0;0;0;0;0;0;0;0;0;0;0;0;0;0;0;0;0;0
Blossom Dearie;0;0;1;0;0;0;0;0;0;0;0;0;0;0;0;0;0;0;0;0
Blumentopf;0;0;0;1;0;0;0;0;0;0;0;0;0;0;0;0;0;0;0;0
Euge Groove;0;0;0;0;0;0;0;0;0;0;0;0;0;0;0;1;0;0;0;0
Bob Baldwin;0;0;0;0;0;0;0;0;0;0;0;0;0;0;0;1;0;0;0;0
Cutee B;0;0;0;0;0;0;0;0;0;0;0;0;1;0;0;0;0;0;0;0
Dollarman;0;0;0;0;0;0;0;0;0;0;0;0;1;0;0;0;0;0;0;0
Big Ali;0;0;0;0;0;0;0;0;0;0;0;0;1;0;0;0;0;0;0;0
Makedah;0;0;0;0;0;0;0;0;0;0;0;0;1;0;0;0;0;0;0;0
RAF Camora;0;0;0;0;0;0;0;0;0;0;0;0;0;0;0;0;0;0;1;0
Bonez MC;0;0;0;0;0;0;0;0;0;0;0;0;0;0;0;0;0;0;1;0
Boore;0;0;0;0;0;0;0;0;1;0;0;0;0;0;0;0;0;0;0;0
Boots Randolph;0;0;0;0;0;0;0;0;0;0;0;0;0;0;0;0;1;0;0;0
Boozoo Bajou;0;0;0;0;0;0;0;0;0;0;0;0;0;0;1;0;0;0;0;0
Graciela Coelho;1;0;0;0;0;0;0;0;0;0;0;0;0;0;0;0;0;0;0;0
Bossa Lounge Project;1;0;0;0;0;0;0;0;0;0;0;0;0;0;0;0;0;0;0;0
Bossa Rio;0;0;0;0;0;0;1;0;0;0;0;0;0;0;0;0;0;0;0;0
Boston;0;0;0;0;0;0;0;0;0;1;0;0;0;0;0;0;0;0;0;0
The Boys;0;0;0;0;0;0;0;0;0;0;0;0;0;0;0;0;1;0;0;0
Bronski Beat;0;0;0;0;0;0;1;0;0;0;0;0;0;0;0;0;0;0;0;0
Brooke Fraser;1;0;0;0;0;0;0;0;0;0;0;0;0;0;0;0;0;0;0;0
Buena Vista Social Club;0;0;0;0;0;0;0;0;0;0;0;0;1;0;0;0;0;0;0;0
Burak Yeter;0;0;0;0;0;0;0;0;0;0;1;0;0;0;0;0;0;0;0;0
Busta Rhymes;0;0;0;0;0;0;0;0;0;0;1;0;0;0;0;0;0;0;0;0
The Calling;0;0;0;0;0;0;0;0;0;0;0;0;0;0;0;0;0;0;0;1
Rag'n'Bone Man;0;0;0;0;0;0;0;0;0;0;0;1;0;0;0;0;0;0;0;0
Elderbrook;0;0;0;0;0;0;0;0;0;0;0;0;0;0;1;0;0;0;0;0
CamelPhat;0;0;0;0;0;0;0;0;0;0;0;0;0;0;1;0;0;0;0;0
Camille;0;0;1;0;0;0;0;0;0;0;0;0;0;0;0;0;0;0;0;0
Camilo;0;1;0;0;0;0;0;0;0;0;0;0;0;0;0;0;0;0;0;0
Capital Cities;0;0;0;0;0;1;0;0;0;0;0;0;0;0;0;0;0;0;0;0
Cardi B;0;0;0;0;0;0;0;0;1;0;0;0;0;0;0;0;0;0;0;0
Carly Rae Jepsen;0;0;0;0;0;0;0;0;0;0;0;1;0;0;0;0;0;0;0;0
Carly Simon;1;0;0;0;0;0;0;0;0;0;0;0;0;0;0;0;0;0;0;0
Carol Douglas;0;0;0;0;0;1;0;0;0;0;0;0;0;0;0;0;0;0;0;0
Carole King;0;0;0;0;0;0;0;0;0;0;0;0;1;0;0;0;0;0;0;0
Carpenters;0;0;1;0;0;0;0;0;0;0;0;0;0;0;0;0;0;0;0;0
The Cars;0;0;0;0;0;0;0;0;0;1;0;0;0;0;0;0;0;0;0;0
Cat Ballou;0;0;0;0;0;0;0;0;1;0;0;0;0;0;0;0;0;0;0;0
Cat Stevens;0;0;0;0;1;0;0;0;0;0;0;0;0;0;0;0;0;0;0;0
Caterina Valente;1;0;0;0;0;0;0;0;0;0;0;0;0;0;0;0;0;0;0;0
Caught in the Act;0;0;0;0;0;0;0;0;0;0;0;0;0;0;0;0;1;0;0;0
Cautious Arc;0;0;0;0;0;1;0;0;0;0;0;0;0;0;0;0;0;0;0;0
Champs, the;0;0;0;0;0;0;0;0;0;0;0;0;0;0;0;0;0;1;0;0
The Change;0;1;0;0;0;0;0;0;0;0;0;0;0;0;0;0;0;0;0;0
Charles Dutoit;0;0;0;0;0;0;0;0;0;0;0;1;0;0;0;0;0;0;0;0
Chichi Peralta;0;1;0;0;0;0;0;0;0;0;0;0;0;0;0;0;0;0;0;0
Chino & Nacho;0;1;0;0;0;0;0;0;0;0;0;0;0;0;0;0;0;0;0;0
Chris de Burgh;0;0;1;0;0;0;0;0;0;0;0;0;0;0;0;0;0;0;0;0
Chris Isaak;1;0;0;0;0;0;0;0;0;0;0;0;0;0;0;0;0;0;0;0
Chris Rea;0;0;0;0;0;0;0;0;0;0;0;0;0;0;0;0;1;0;0;0
Redman;0;0;0;1;0;0;0;0;0;0;0;0;0;0;0;0;0;0;0;0
Vincenzo Capezzuto;0;0;0;0;0;0;1;0;0;0;0;0;0;0;0;0;0;0;0;0
L'Arpeggiata;0;0;0;0;0;0;1;0;0;0;0;0;0;0;0;0;0;0;0;0
Christina Pluhar;0;0;0;0;0;0;1;0;0;0;0;0;0;0;0;0;0;0;0;0
Christine and the Queens;0;0;0;0;0;0;0;0;0;0;0;0;0;0;0;0;0;0;0;1
Clash, the;0;0;0;0;0;0;0;0;0;0;0;0;0;1;0;0;0;0;0;0
Anne-Marie;0;0;0;0;0;0;0;0;0;0;1;0;0;0;0;0;0;0;0;0
CNCO;0;1;0;0;0;0;0;0;0;0;0;0;0;0;0;0;0;0;0;0
Commodores;0;0;0;0;1;0;0;0;0;0;0;0;0;0;0;0;0;0;0;0
Contours;0;0;1;0;0;0;0;0;0;0;0;0;0;0;0;0;0;0;0;0
Coralie Clément;0;0;0;0;1;0;0;0;0;0;0;0;0;0;0;0;0;0;0;0
Craig David;0;0;0;0;0;0;0;0;0;0;0;0;0;0;0;1;0;0;0;0
Culture Beat;0;0;0;0;0;0;0;0;0;0;0;1;0;0;0;0;0;0;0;0
Culture Club;0;0;0;0;0;0;1;0;0;0;0;0;0;0;0;0;0;0;0;0
Dalida & Alain Delon;0;0;0;0;0;0;1;0;0;0;0;0;0;0;0;0;0;0;0;0
Dandy Warhols;0;0;0;0;0;0;0;0;0;0;0;0;0;1;0;0;0;0;0;0
Danny & The Juniors;0;0;0;0;0;0;0;0;0;0;0;0;0;0;0;0;0;1;0;0
Dave Brubeck Quartet;1;0;0;0;0;0;0;0;0;0;0;0;0;0;0;0;0;0;0;0
Skylar Grey;0;0;0;0;0;0;0;0;0;0;0;0;0;0;0;0;0;0;1;0
David Max;0;0;0;0;0;0;0;0;0;0;0;0;1;0;0;0;0;0;0;0
David Sanborn;0;0;0;0;0;1;0;0;0;0;0;0;0;0;0;0;0;0;0;0
De La Soul;0;0;0;0;0;0;0;0;0;0;0;0;0;0;0;0;1;0;0;0
Dee C. Lee;0;0;0;0;0;1;0;0;0;0;0;0;0;0;0;0;0;0;0;0
Deee-Lite;0;0;0;0;0;0;1;0;0;0;0;0;0;0;0;0;0;0;0;0
Deep Purple;0;0;0;0;0;0;0;0;0;1;0;0;0;0;0;0;0;0;0;0
DJ Romain;0;1;0;0;0;0;0;0;0;0;0;0;0;0;0;0;0;0;0;0
Deep Tenor City;0;1;0;0;0;0;0;0;0;0;0;0;0;0;0;0;0;0;0;0
Dennis Lloyd;0;0;0;0;0;1;0;0;0;0;0;0;0;0;0;0;0;0;0;0
Derrick James;0;0;0;0;0;0;0;0;0;0;0;0;0;0;0;0;0;0;0;1
Diana Martinez;0;0;0;0;1;0;0;0;0;0;0;0;0;0;0;0;0;0;0;0
Dido;0;0;0;0;0;0;0;0;0;0;0;0;0;0;0;0;0;0;1;0
Dimitri From Paris;0;0;0;1;0;0;0;0;0;0;0;0;0;0;0;0;0;0;0;0
DJ Antoine;0;0;0;0;0;0;0;0;0;0;0;0;0;0;0;0;1;0;0;0
DJ Daidol;0;0;0;0;0;0;0;1;0;0;0;0;0;0;0;0;0;0;0;0
DJ Jazzy Jeff & Fresh Prince;0;0;0;0;0;0;0;1;0;0;0;0;0;0;0;0;0;0;0;0
DJ Kass;0;0;0;0;0;0;0;0;0;0;0;0;0;0;0;0;0;0;0;1
DJ Khaled;0;0;0;0;0;0;0;0;1;0;0;0;0;0;0;0;0;0;0;0
Dj Laurel;0;0;0;0;0;0;0;0;0;0;0;0;0;0;0;0;0;0;1;0
Tyga;0;1;0;0;0;0;0;0;0;0;0;0;0;0;0;0;0;0;0;0
J. Balvin;0;1;0;0;0;0;0;0;0;0;0;0;0;0;0;0;0;0;0;0
DJ Snake;0;1;0;0;0;0;0;0;0;0;0;0;0;0;0;0;0;0;0;0
Dobie Gray;0;0;0;0;1;0;0;0;0;0;0;0;0;0;0;0;0;0;0;0
Doja Cat;0;0;0;0;0;1;0;0;0;0;0;0;0;0;0;0;0;0;0;0
Dolly Parton;0;0;0;0;0;0;0;0;0;1;0;0;0;0;0;0;0;0;0;0
Donna Summer;0;0;0;0;0;0;1;0;0;0;0;0;0;0;0;0;0;0;0;0
Drake;0;0;0;0;0;0;0;0;1;0;0;0;0;0;0;0;0;0;0;0
Die Draufgänger;0;0;0;0;0;0;0;0;1;0;0;0;0;0;0;0;0;0;0;0
Drop Out Orchestra;0;0;0;0;0;0;0;0;0;0;1;0;0;0;0;0;0;0;0;0
Dropkick Murphys;0;1;0;0;0;0;0;0;0;0;0;0;0;0;0;0;0;0;0;0
Dru Hill;0;0;0;0;0;0;0;0;1;0;0;0;0;0;0;0;0;0;0;0
DaBaby;0;0;0;0;0;1;0;0;0;0;0;0;0;0;0;0;0;0;0;0
Duffy;0;0;0;0;0;0;1;0;0;0;0;0;0;0;0;0;0;0;0;0
Dylan Rockoff;0;0;0;0;0;0;0;0;0;0;0;0;0;0;0;0;0;0;0;1
Eartha Kitt;0;0;1;0;0;0;0;0;0;0;0;0;0;0;0;0;0;0;0;0
Eddie Cochran;0;0;1;0;0;0;0;0;0;0;0;0;0;0;0;0;0;0;0;0
Edith Piaf;0;0;0;0;0;0;1;0;0;0;0;0;0;0;0;0;0;0;0;0
Editors;0;0;0;0;0;0;0;0;0;0;0;0;0;1;0;0;0;0;0;0
Edmundo Ros & His Orchestra;0;0;0;0;0;0;0;0;0;0;0;0;0;0;0;0;0;1;0;0
Edwin Hawkins Singers;0;0;0;0;0;0;0;0;0;0;0;0;0;0;1;0;0;0;0;0
El Profesor;0;0;0;0;0;0;0;0;0;0;1;0;0;0;0;0;0;0;0;0
Electric Light Orchestra;1;0;0;0;0;0;0;0;0;0;0;0;0;0;0;0;0;0;0;0
Elkie Brooks;0;0;0;0;0;0;0;0;0;1;0;0;0;0;0;0;0;0;0;0
Emiliana Torrini;0;0;0;0;0;1;0;0;0;0;0;0;0;0;0;0;0;0;0;0
The Emoticons;0;0;0;1;0;0;0;0;0;0;0;0;0;0;0;0;0;0;0;0
En Vogue;0;0;0;0;0;0;0;0;1;0;0;0;0;0;0;0;0;0;0;0
Enzo Siffredi;0;0;0;0;1;0;0;0;0;0;0;0;0;0;0;0;0;0;0;0
Erasure;0;0;0;0;0;0;1;0;0;0;0;0;0;0;0;0;0;0;0;0
Eric Frantzen Chor & Orchester;0;0;0;0;0;0;0;0;0;0;0;1;0;0;0;0;0;0;0;0
Erika de Casier;0;0;0;0;0;0;0;0;0;0;0;0;0;0;0;0;0;1;0;0
Anastacia;0;0;0;0;0;0;0;0;0;0;0;0;0;0;0;0;0;0;1;0
Etta James;0;0;0;0;0;1;0;0;0;0;0;0;0;0;0;0;0;0;0;0
Eva St. Jones;0;0;0;0;1;0;0;0;0;0;0;0;0;0;0;0;0;0;0;0
Falco;0;0;0;0;0;1;0;0;0;0;0;0;0;0;0;0;0;0;0;0
Fats Domino;0;0;1;0;0;0;0;0;0;0;0;0;0;0;0;0;0;0;0;0
Fifth Dimension;0;0;0;0;0;1;0;0;0;0;0;0;0;0;0;0;0;0;0;0
Fine Young Cannibals;1;0;0;0;0;0;0;0;0;0;0;0;0;0;0;0;0;0;0;0
Die Firma;0;0;0;0;0;0;0;0;0;0;0;0;0;0;0;0;1;0;0;0
Flamingo Star;0;0;0;0;0;0;0;0;0;0;0;0;0;0;0;0;0;1;0;0
Flamingosis;0;0;0;0;0;0;1;0;0;0;0;0;0;0;0;0;0;0;0;0
Floor Jansen;0;0;0;0;0;0;0;0;0;0;0;0;1;0;0;0;0;0;0;0
Florence + the Machine;0;0;0;0;0;1;0;0;0;0;0;0;0;0;0;0;0;0;0;0
Fly Project;0;1;0;0;0;0;0;0;0;0;0;0;0;0;0;0;0;0;0;0
Foreigner;0;0;0;0;0;0;0;0;0;1;0;0;0;0;0;0;0;0;0;0
Four Tops, the;1;0;0;0;0;0;0;0;0;0;0;0;0;0;0;0;0;0;0;0
Frank Ocean;0;0;0;0;0;0;1;0;0;0;0;0;0;0;0;0;0;0;0;0
Frankie Goes to Hollywood;0;0;0;0;0;0;1;0;0;0;0;0;0;0;0;0;0;0;0;0
Fred Schreiber & Das große Komplott;0;0;0;0;0;0;0;0;0;0;0;0;0;0;0;0;0;0;0;1
Freddie Mercury;0;0;0;0;0;0;1;0;0;0;0;0;0;0;0;0;0;0;0;0
Fünf Sterne Deluxe;0;0;0;0;0;0;0;0;0;0;0;0;0;0;1;0;0;0;0;0
Gente De Zona;0;1;0;0;0;0;0;0;0;0;0;0;0;0;0;0;0;0;0;0
Gentleman;0;0;0;0;0;0;0;0;0;1;0;0;0;0;0;0;0;0;0;0
George Harrison;0;0;1;0;0;0;0;0;0;0;0;0;0;0;0;0;0;0;0;0
Get Down Edits;0;0;0;0;0;0;0;0;0;0;0;0;0;0;0;1;0;0;0;0
Gibson Brothers;0;0;0;0;0;0;1;0;0;0;0;0;0;0;0;0;0;0;0;0
Giovanni Battista;0;0;0;0;0;0;0;0;0;0;1;0;0;0;0;0;0;0;0;0
Girl Talk;0;0;0;0;0;0;0;0;0;0;0;0;0;0;0;0;0;1;0;0
Golden Earring;0;0;0;1;0;0;0;0;0;0;0;0;0;0;0;0;0;0;0;0
Goldstone;0;0;0;0;0;0;0;0;0;0;1;0;0;0;0;0;0;0;0;0
Golec uOrkiestra;0;0;0;0;0;0;0;0;1;0;0;0;0;0;0;0;0;0;0;0
Gorillaz;0;0;0;0;0;0;0;0;1;0;0;0;0;0;0;0;0;0;0;0
Gossip;0;0;0;0;0;1;0;0;0;0;0;0;0;0;0;0;0;0;0;0
Götz Alsmann;0;1;0;0;0;0;0;0;0;0;0;0;0;0;0;0;0;0;0;0
Gregory Porter;0;0;0;0;1;0;0;0;0;0;0;0;0;0;0;0;0;0;0;0
Guano Apes;0;0;0;1;0;0;0;0;0;0;0;0;0;0;0;0;0;0;0;0
Harlem Underground Band;0;0;0;0;0;0;0;1;0;0;0;0;0;0;0;0;0;0;0;0
Helen Schneider;0;0;0;0;0;0;0;0;0;0;0;0;0;0;0;0;1;0;0;0
Hello;0;0;0;0;0;0;0;0;0;0;0;0;0;0;0;0;0;1;0;0
Henning Wehland;0;0;0;1;0;0;0;0;0;0;0;0;0;0;0;0;0;0;0;0
Henry Mancini and His Orchestra;0;0;0;0;0;0;0;0;0;0;0;0;0;0;0;0;0;1;0;0
Herbert Grönemeyer;0;0;0;0;0;0;0;0;0;0;0;0;0;1;0;0;0;0;0;0
Heroes Del Silencio;0;0;0;0;0;0;0;0;0;0;0;0;0;0;1;0;0;0;0;0
Hildegard Knef;0;0;0;0;0;0;1;0;0;0;0;0;0;0;0;0;0;0;0;0
Höhner;1;0;0;0;0;0;0;0;0;0;0;0;0;0;0;0;0;0;0;0
Horst Jankowski;1;0;0;0;0;0;0;0;0;0;0;0;0;0;0;0;0;0;0;0
Housemartins;0;0;0;0;0;0;0;0;0;0;0;0;0;0;0;1;0;0;0;0
Human League;0;0;0;0;0;0;1;0;0;0;0;0;0;0;0;0;0;0;0;0
Ian Pooley;1;0;0;0;0;0;0;0;0;0;0;0;0;0;0;0;0;0;0;0
Ice Cube;0;0;0;0;0;1;0;0;0;0;0;0;0;0;0;0;0;0;0;0
Idris Muhammed;0;0;0;0;0;0;0;0;0;0;0;0;0;0;0;0;0;0;0;1
Ignition;0;0;0;0;0;0;0;0;0;1;0;0;0;0;0;0;0;0;0;0
Intro;0;0;0;0;0;0;0;0;0;0;0;1;0;0;0;0;0;0;0;0
Izo FitzRoy;0;0;0;1;0;0;0;0;0;0;0;0;0;0;0;0;0;0;0;0
Willy William;0;1;0;0;0;0;0;0;0;0;0;0;0;0;0;0;0;0;0;0
Jackie Wilson;0;0;1;0;0;0;0;0;0;0;0;0;0;0;0;0;0;0;0;0
Jamie Cullum;0;0;0;1;0;0;0;0;0;0;0;0;0;0;0;0;0;0;0;0
Jasper van't Hofs Pili Pili;0;0;0;0;0;0;0;0;0;0;0;0;0;0;0;0;1;0;0;0
Jawsh 685;0;0;0;0;0;0;0;0;1;0;0;0;0;0;0;0;0;0;0;0
Jay-Z;0;0;0;0;0;0;0;0;0;0;0;0;0;0;0;0;0;0;1;0
Jean Aubergine;0;0;0;0;0;0;0;0;0;0;0;0;0;0;0;0;0;0;0;1
Jean Carn;0;0;0;0;0;0;0;0;0;0;0;0;1;0;0;0;0;0;0;0
Pia Zadora;0;0;0;0;0;0;1;0;0;0;0;0;0;0;0;0;0;0;0;0
Jermaine Jackson;0;0;0;0;0;0;1;0;0;0;0;0;0;0;0;0;0;0;0;0
Warren Casey;0;0;0;0;0;0;0;0;0;0;0;0;0;0;0;0;1;0;0;0
Olivia Newton-John;0;0;0;0;0;0;0;0;0;0;0;0;0;0;0;0;1;0;0;0
John Travolta;0;0;0;0;0;0;0;0;0;0;0;0;0;0;0;0;1;0;0;0
Jimmy McGriff;0;0;0;0;0;0;0;0;0;0;0;0;0;0;0;0;0;1;0;0
Jocelyn Brown;0;0;0;0;0;0;1;0;0;0;0;0;0;0;0;0;0;0;0;0
Joe Arroyo;0;1;0;0;0;0;0;0;0;0;0;0;0;0;0;0;0;0;0;0
Joe Cocker;0;0;0;0;1;0;0;0;0;0;0;0;0;0;0;0;0;0;0;0
Joe Cuba Sextet;0;1;0;0;0;0;0;0;0;0;0;0;0;0;0;0;0;0;0;0
John Buzon Trio;0;0;0;0;0;0;0;0;0;0;0;0;0;0;0;0;0;1;0;0
John Legend;0;1;0;0;0;0;0;0;0;0;0;0;0;0;0;0;0;0;0;0
Johnny Hamp's Kentucky Serenaders;0;0;0;0;0;0;0;0;0;0;0;0;0;0;0;0;0;1;0;0
Jojo Effect;0;0;0;0;1;0;0;0;0;0;0;0;0;0;0;0;0;0;0;0
Jonas Blue;0;0;0;0;0;0;0;0;0;0;0;0;0;0;0;0;0;1;0;0
Jonathan Zelter;0;0;0;0;0;0;0;0;1;0;0;0;0;0;0;0;0;0;0;0
Josh.;0;0;0;0;0;0;0;1;0;0;0;0;0;0;0;0;0;0;0;0
Joss Stone;0;0;0;1;0;0;0;0;0;0;0;0;0;0;0;0;0;0;0;0
Julie London;0;0;1;0;0;0;0;0;0;0;0;0;0;0;0;0;0;0;0;0
Jungle;0;0;0;0;0;0;0;0;0;0;0;0;0;0;1;0;0;0;0;0
Junior Senior;0;0;0;0;0;1;0;0;0;0;0;0;0;0;0;0;0;0;0;0
Timbaland;0;0;0;0;0;0;0;0;0;0;0;0;1;0;0;0;0;0;0;0
Justin Wellington;0;0;0;0;0;1;0;0;0;0;0;0;0;0;0;0;0;0;0;0
k.d. lang;0;0;0;0;0;0;1;0;0;0;0;0;0;0;0;0;0;0;0;0
K.Maro;0;0;0;0;0;0;0;0;0;1;0;0;0;0;0;0;0;0;0;0
Kacey Musgraves;0;0;0;0;0;0;1;0;0;0;0;0;0;0;0;0;0;0;0;0
Kalin Twins;0;0;0;0;0;0;0;0;0;0;0;0;0;0;0;0;0;1;0;0
Kamasi Washington;0;0;0;0;0;0;0;0;1;0;0;0;0;0;0;0;0;0;0;0
Kastelruther Spatzen;0;0;0;1;0;0;0;0;0;0;0;0;0;0;0;0;0;0;0;0
Kate Bush;0;0;0;0;0;0;0;0;0;0;0;0;0;1;0;0;0;0;0;0
Kate the Cat;1;0;0;0;0;0;0;0;0;0;0;0;0;0;0;0;0;0;0;0
Katharina Nuttall;0;0;0;0;0;0;0;0;0;0;0;0;0;1;0;0;0;0;0;0
K-CI;0;0;0;0;0;0;0;0;0;0;0;0;0;0;0;1;0;0;0;0
Kesha;0;0;0;0;0;0;0;0;0;0;0;0;1;0;0;0;0;0;0;0
Kenny G;0;0;0;0;1;0;0;0;0;0;0;0;0;0;0;0;0;0;0;0
Kettcar;0;0;0;1;0;0;0;0;0;0;0;0;0;0;0;0;0;0;0;0
Kevin Lyttle;0;1;0;0;0;0;0;0;0;0;0;0;0;0;0;0;0;0;0;0
The Coconuts;0;0;0;0;0;0;0;0;0;0;0;0;0;0;0;0;0;0;0;1
Kid Creole;0;0;0;0;0;0;0;0;0;0;0;0;0;0;0;0;0;0;0;1
Kiesza;0;0;0;0;0;0;0;0;0;0;0;0;0;0;0;0;1;0;0;0
Klangkarussell;0;0;0;0;0;0;0;0;0;0;0;0;0;0;0;0;1;0;0;0
KlangKuenstler;0;0;0;0;0;0;0;0;0;0;1;0;0;0;0;0;0;0;0;0
Sofi Tukker;0;0;0;0;0;1;0;0;0;0;0;0;0;0;0;0;0;0;0;0
The Knocks;0;0;0;0;0;1;0;0;0;0;0;0;0;0;0;0;0;0;0;0
Kollektiv Turmstrasse;0;0;0;0;1;0;0;0;0;0;0;0;0;0;0;0;0;0;0;0
Kuhl un de Gäng;0;0;0;0;0;0;0;0;1;0;0;0;0;0;0;0;0;0;0;0
La Mosca Tse-Tse;0;0;0;0;0;0;0;0;0;1;0;0;0;0;0;0;0;0;0;0
LaBrassBanda;0;0;0;0;1;0;0;0;0;0;0;0;0;0;0;0;0;0;0;0
Labrinth;0;0;0;0;0;0;0;0;0;1;0;0;0;0;0;0;0;0;0;0
Laid Back;0;0;0;0;0;0;0;0;0;0;1;0;0;0;0;0;0;0;0;0
Landon Austin;0;0;0;0;0;1;0;0;0;0;0;0;0;0;0;0;0;0;0;0
Lemar;0;0;0;0;0;0;0;0;0;0;0;0;1;0;0;0;0;0;0;0
Lena;0;0;0;0;0;0;0;0;0;0;0;0;0;0;0;0;0;0;1;0
Leony;0;0;0;0;0;0;0;0;1;0;0;0;0;0;0;0;0;0;0;0
Les Claudettes;0;0;0;0;0;0;0;0;0;0;0;0;0;0;0;0;0;0;1;0
Lifehouse;0;0;0;0;0;0;0;0;0;0;0;0;0;0;0;0;0;0;0;1
Lil Nas X;0;0;0;0;0;0;0;0;1;0;0;0;0;0;0;0;0;0;0;0
Lily Allen;1;0;0;0;0;0;0;0;0;0;0;0;0;0;0;0;0;0;0;0
L'Impératrice;0;0;0;0;0;1;0;0;0;0;0;0;0;0;0;0;0;0;0;0
Linda Lyndell;0;0;0;0;0;1;0;0;0;0;0;0;0;0;0;0;0;0;0;0
Tito Puente;0;1;0;0;0;0;0;0;0;0;0;0;0;0;0;0;0;0;0;0
Lionel Hampton;0;1;0;0;0;0;0;0;0;0;0;0;0;0;0;0;0;0;0;0
Lisa Stansfield;1;0;0;0;0;0;0;0;0;0;0;0;0;0;0;0;0;0;0;0
Little Mix;0;0;0;0;0;0;0;0;0;0;0;0;0;0;0;0;0;0;0;1
Livingston Taylor;0;0;0;0;0;0;0;0;0;0;0;0;0;0;0;0;0;0;0;1
Llorca;0;0;0;0;1;0;0;0;0;0;0;0;0;0;0;0;0;0;0;0
Lolita;0;0;0;0;0;0;0;0;0;0;0;0;0;1;0;0;0;0;0;0
Londonbeat;0;0;0;0;0;0;0;0;0;0;0;0;0;1;0;0;0;0;0;0
Loose Change;0;0;0;0;0;0;0;0;0;0;1;0;0;0;0;0;0;0;0;0
Lorna;0;1;0;0;0;0;0;0;0;0;0;0;0;0;0;0;0;0;0;0
Los Fabulosos Cadillacs;0;1;0;0;0;0;0;0;0;0;0;0;0;0;0;0;0;0;0;0
Louis Armstrong;0;0;0;0;0;0;0;0;0;0;0;0;0;0;0;0;0;0;1;0
Luca Fogale;0;0;0;0;0;0;0;0;0;1;0;0;0;0;0;0;0;0;0;0
Lucho Bermúdez;0;0;0;0;0;0;0;0;0;1;0;0;0;0;0;0;0;0;0;0
Lulu and the Luvers;0;0;1;0;0;0;0;0;0;0;0;0;0;0;0;0;0;0;0;0
Luther Vandross;0;0;0;0;1;0;0;0;0;0;0;0;0;0;0;0;0;0;0;0
Lux Experience;0;0;0;1;0;0;0;0;0;0;0;0;0;0;0;0;0;0;0;0
Scavenger Hunt;0;0;0;0;0;0;0;0;0;0;0;0;0;0;0;0;0;0;1;0
Madness;0;0;0;0;0;0;0;0;0;0;0;1;0;0;0;0;0;0;0;0
Mahogany;0;0;0;0;0;0;0;0;0;0;0;0;0;0;0;0;1;0;0;0
Maluma;0;1;0;0;0;0;0;0;0;0;0;0;0;0;0;0;0;0;0;0
Malcolm McLaren;0;0;0;0;0;0;0;0;0;0;0;0;0;0;0;0;1;0;0;0
Mando Diao;0;0;0;0;1;0;0;0;0;0;0;0;0;0;0;0;0;0;0;0
Måneskin;0;0;0;0;0;0;0;0;0;0;0;0;0;0;0;0;1;0;0;0
Manu Chao;0;1;0;0;0;0;0;0;0;0;0;0;0;0;0;0;0;0;0;0
MARASKINO;0;0;0;0;0;0;0;0;0;0;0;0;0;0;0;0;1;0;0;0
Marc Cohn;0;0;0;0;0;0;0;0;0;0;0;0;1;0;0;0;0;0;0;0
Marcus Layton;0;0;0;0;0;0;0;0;0;0;0;0;0;1;0;0;0;0;0;0
Marlene Dietrich;0;0;0;0;0;0;1;0;0;0;0;0;0;0;0;0;0;0;0;0
Massive Töne;0;0;0;0;0;0;0;0;0;0;0;0;0;0;0;0;1;0;0;0
Masters;0;0;0;0;0;0;0;0;0;0;0;0;0;1;0;0;0;0;0;0
Kingdon;0;0;0;0;1;0;0;0;0;0;0;0;0;0;0;0;0;0;0;0
Alan Hook;0;0;0;0;0;0;0;0;1;0;0;0;0;0;0;0;0;0;0;0
Hannah White;0;0;0;0;0;0;0;0;1;0;0;0;0;0;0;0;0;0;0;0
Maxim Illion;1;0;0;0;0;0;0;0;0;0;0;0;0;0;0;0;0;0;0;0
Maximus;0;0;0;0;0;0;0;0;1;0;0;0;0;0;0;0;0;0;0;0
Crump;0;0;0;0;0;0;0;0;1;0;0;0;0;0;0;0;0;0;0;0
Maxx Dance;0;0;0;0;0;0;0;0;1;0;0;0;0;0;0;0;0;0;0;0
MC Hammer;0;0;0;0;0;0;0;0;0;0;0;0;0;0;0;0;0;0;0;1
Mel Tormé;0;0;0;0;0;0;0;0;1;0;0;0;0;0;0;0;0;0;0;0
Melissa Etheridge;0;0;0;1;0;0;0;0;0;0;0;0;0;0;0;0;0;0;0;0
Men at Work;1;0;0;0;0;0;0;0;0;0;0;0;0;0;0;0;0;0;0;0
Metallica;0;0;0;1;0;0;0;0;0;0;0;0;0;0;0;0;0;0;0;0
Mia.;0;0;0;0;0;0;0;0;0;0;0;0;0;0;0;0;0;1;0;0
Miami Sound Machine;0;0;0;0;0;0;0;0;0;0;1;0;0;0;0;0;0;0;0;0
Michael McDonald;0;0;0;0;0;0;0;0;0;0;0;0;0;0;1;0;0;0;0;0
Michael Wycoff;0;0;0;0;0;0;1;0;0;0;0;0;0;0;0;0;0;0;0;0
Michel Sardou;0;0;0;0;1;0;0;0;0;0;0;0;0;0;0;0;0;0;0;0
Miley Cyrus;0;0;0;0;0;0;0;1;0;0;0;0;0;0;0;0;0;0;0;0
Milky Chance;0;0;0;0;1;0;0;0;0;0;0;0;0;0;0;0;0;0;0;0
Miriam Makeba;0;0;1;0;0;0;0;0;0;0;0;0;0;0;0;0;0;0;0;0
Missy Elliott;0;0;0;0;0;0;0;0;0;0;1;0;0;0;0;0;0;0;0;0
Moloko;0;0;0;0;0;0;0;0;0;0;0;0;0;0;0;0;0;0;1;0
Montell Jordan;0;0;0;0;0;0;0;0;0;0;0;0;0;0;0;0;1;0;0;0
Mumford & Sons;0;0;0;0;0;0;0;0;0;0;0;0;1;0;0;0;0;0;0;0
Münchener Freiheit;0;0;0;1;0;0;0;0;0;0;0;0;0;0;0;0;0;0;0;0
Nalin & Kane;0;0;0;0;0;0;0;0;0;0;0;0;0;0;0;1;0;0;0;0
Nat King Cole;0;0;0;0;0;0;0;0;0;0;0;0;0;0;0;0;0;0;1;0
Nathan Evans;0;0;0;0;0;0;0;0;0;0;0;0;0;0;0;0;0;0;1;0
NebeZAO;0;1;0;0;0;0;0;0;0;0;0;0;0;0;0;0;0;0;0;0
Nera & Charlie;0;0;0;0;1;0;0;0;0;0;0;0;0;0;0;0;0;0;0;0
Nick Cave & The Bad Seeds;0;0;0;0;0;0;0;0;0;0;0;0;0;1;0;0;0;0;0;0
Nick Straker Band;0;0;0;0;0;0;0;0;0;0;0;0;0;0;0;1;0;0;0;0
Nils Wülker;1;0;0;0;0;0;0;0;0;0;0;0;0;0;0;0;0;0;0;0
Nirvana;0;0;0;0;0;0;0;0;0;0;0;0;0;1;0;0;0;0;0;0
Noel Montano;0;1;0;0;0;0;0;0;0;0;0;0;0;0;0;0;0;0;0;0
The Nolans;0;0;0;0;0;0;0;0;0;0;0;0;0;1;0;0;0;0;0;0
Nora Van Elken;0;0;0;0;0;0;0;0;0;0;0;0;0;0;0;0;0;0;0;1
Norman Greenbaum;0;0;0;0;1;0;0;0;0;0;0;0;0;0;0;0;0;0;0;0
Notorious B.I.G.;0;0;0;0;0;0;0;0;0;0;0;0;0;0;0;1;0;0;0;0
Nova Jazzers;0;0;0;0;0;0;0;0;0;0;0;0;0;1;0;0;0;0;0;0
ODESZA;0;0;0;0;1;0;0;0;0;0;0;0;0;0;0;0;0;0;0;0
Odyssey;0;0;0;0;0;0;0;0;1;0;0;0;0;0;0;0;0;0;0;0
Ohio Express;0;0;0;0;0;0;0;0;0;0;0;0;0;0;0;0;0;1;0;0
O'Jays;0;0;0;1;0;0;0;0;0;0;0;0;0;0;0;0;0;0;0;0
Kelis;0;0;0;0;0;0;0;0;0;0;0;0;0;0;1;0;0;0;0;0
Ol' Dirty Bastard;0;0;0;0;0;0;0;0;0;0;0;0;0;0;1;0;0;0;0;0
One Blood;0;0;0;0;0;0;0;0;0;0;0;1;0;0;0;0;0;0;0;0
Orchestral Manoeuvres In The Dark;0;0;0;0;0;0;0;0;0;0;0;0;0;1;0;0;0;0;0;0
Osmani Garcia;0;1;0;0;0;0;0;0;0;0;0;0;0;0;0;0;0;0;0;0
Pachanga;0;1;0;0;0;0;0;0;0;0;0;0;0;0;0;0;0;0;0;0
Paco Paco;0;1;0;0;0;0;0;0;0;0;0;0;0;0;0;0;0;0;0;0
Parov Stelar;0;0;0;0;0;0;0;0;0;0;0;0;0;0;0;0;0;1;0;0
Passenger;0;0;0;0;0;0;0;0;0;0;0;0;0;0;0;0;1;0;0;0
Patrick Hernandez;0;0;0;0;0;0;0;0;0;0;0;0;0;0;0;1;0;0;0;0
Paul Kalkbrenner;0;0;0;0;0;0;0;0;0;0;0;0;0;0;0;1;0;0;0;0
Pedro Capó;0;1;0;0;0;0;0;0;0;0;0;0;0;0;0;0;0;0;0;0
Peret;0;1;0;0;0;0;0;0;0;0;0;0;0;0;0;0;0;0;0;0
Pérez Prado;0;0;0;0;0;0;0;0;0;0;0;0;1;0;0;0;0;0;0;0
Pete Rodriguez;0;1;0;0;0;0;0;0;0;0;0;0;0;0;0;0;0;0;0;0
Peter Maffay;0;0;0;0;0;0;0;1;0;0;0;0;0;0;0;0;0;0;0;0
Philip Bailey;0;0;1;0;0;0;0;0;0;0;0;0;0;0;0;0;0;0;0;0
Philadelphia Orchestra;1;0;0;0;0;0;0;0;0;0;0;0;0;0;0;0;0;0;0;0
Pietro Ramman;0;0;0;0;1;0;0;0;0;0;0;0;0;0;0;0;0;0;0;0
Pieter Van Keymeulen;0;0;0;0;1;0;0;0;0;0;0;0;0;0;0;0;0;0;0;0
Pink Floyd;0;0;0;0;0;0;0;0;0;0;0;0;0;1;0;0;0;0;0;0
Pink Martini;0;0;1;0;0;0;0;0;0;0;0;0;0;0;0;0;0;0;0;0
Pink Turtle;0;1;0;0;0;0;0;0;0;0;0;0;0;0;0;0;0;0;0;0
Pj Sin Suela;0;1;0;0;0;0;0;0;0;0;0;0;0;0;0;0;0;0;0;0
The Pointer Sisters;0;0;0;0;0;0;0;0;0;0;0;1;0;0;0;0;0;0;0;0
The Police;0;0;0;0;0;0;0;0;0;0;0;0;0;0;1;0;0;0;0;0
Prince Royce;0;1;0;0;0;0;0;0;0;0;0;0;0;0;0;0;0;0;0;0
The Proclaimers;0;0;0;0;0;0;0;0;0;0;0;0;0;0;0;1;0;0;0;0
Proyecto Uno;0;1;0;0;0;0;0;0;0;0;0;0;0;0;0;0;0;0;0;0
Purple Disco Machine;0;0;0;0;0;1;0;0;0;0;0;0;0;0;0;0;0;0;0;0
Sophie And The Giants;0;0;0;0;0;1;0;0;0;0;0;0;0;0;0;0;0;0;0;0
Quincy Jones;1;0;0;0;0;0;0;0;0;0;0;0;0;0;0;0;0;0;0;0
R.E.M.;0;0;0;0;0;0;0;0;0;0;0;0;0;1;0;0;0;0;0;0
Racoon;0;0;0;0;0;0;0;1;0;0;0;0;0;0;0;0;0;0;0;0
Raffa FL;0;0;0;0;0;0;0;0;0;0;0;0;0;0;0;0;0;0;0;1
Raffaella Carrà;0;0;1;0;0;0;0;0;0;0;0;0;0;0;0;0;0;0;0;0
Rage Against The Machine;0;0;0;0;0;0;0;0;0;1;0;0;0;0;0;0;0;0;0;0
RAH Band;0;0;0;0;0;0;0;0;0;0;0;0;1;0;0;0;0;0;0;0
Rammstein;0;1;0;0;0;0;0;0;0;0;0;0;0;0;0;0;0;0;0;0
Richard Burton;0;0;0;0;0;0;0;0;0;0;0;0;0;0;0;0;1;0;0;0
Randy Roberts;0;0;0;0;0;0;0;0;0;0;0;0;0;0;0;0;1;0;0;0
Renée Olstead;1;0;0;0;0;0;0;0;0;0;0;0;0;0;0;0;0;0;0;0
REO Speedwagon;0;0;0;0;0;0;0;0;0;1;0;0;0;0;0;0;0;0;0;0
Rhythm Heritage;0;1;0;0;0;0;0;0;0;0;0;0;0;0;0;0;0;0;0;0
Right Said Fred;0;0;0;0;0;0;1;0;0;0;0;0;0;0;0;0;0;0;0;0
Paul McCatrney;0;0;0;0;0;0;0;0;0;0;0;1;0;0;0;0;0;0;0;0
Rino Galiano;0;0;0;0;0;0;0;0;0;0;0;0;0;0;0;0;0;1;0;0
Ritchie Valens;0;0;0;0;0;0;0;0;0;0;0;0;0;0;0;0;0;1;0;0
Francesco Yates;0;0;0;0;0;0;0;0;0;0;0;0;0;1;0;0;0;0;0;0
Robyn;0;0;0;0;0;0;1;0;0;0;0;0;0;0;0;0;0;0;0;0
Rocky Sharpe & The Replays;0;0;0;0;0;0;0;0;0;0;0;0;0;0;0;0;0;1;0;0
Roger Cicero;0;0;0;1;0;0;0;0;0;0;0;0;0;0;0;0;0;0;0;0
Roland Kaiser;0;0;0;0;0;0;0;0;1;0;0;0;0;0;0;0;0;0;0;0
Roland Shaw & his Orchestra;0;0;0;0;1;0;0;0;0;0;0;0;0;0;0;0;0;0;0;0
The Rolling Stones;0;0;0;0;0;0;0;0;0;1;0;0;0;0;0;0;0;0;0;0
Ronan Keating;0;0;0;0;0;0;0;0;0;0;0;0;0;0;0;0;0;0;0;1
Rosana;0;1;0;0;0;0;0;0;0;0;0;0;0;0;0;0;0;0;0;0
Rosario;0;1;0;0;0;0;0;0;0;0;0;0;0;0;0;0;0;0;0;0
Roy Orbison;0;0;1;0;0;0;0;0;0;0;0;0;0;0;0;0;0;0;0;0
Röyksopp;0;0;0;0;0;0;0;0;0;0;1;0;0;0;0;0;0;0;0;0
Różni Wykonawcy;0;0;0;0;0;0;0;0;1;0;0;0;0;0;0;0;0;0;0;0
Rufus;0;0;0;0;0;0;0;0;0;0;0;0;0;1;0;0;0;0;0;0
Rupert Holmes;0;0;0;0;0;0;0;0;0;0;0;0;0;0;0;0;1;0;0;0
Safari;0;0;0;0;0;0;1;0;0;0;0;0;0;0;0;0;0;0;0;0
Saint Privat;0;0;0;0;0;0;0;0;0;0;0;0;1;0;0;0;0;0;0;0
Sam Smith;0;1;0;0;0;0;0;0;0;0;0;0;0;0;0;0;0;0;0;0
Samia Farah;0;0;0;1;0;0;0;0;0;0;0;0;0;0;0;0;0;0;0;0
Leroy Gomez;0;0;1;0;0;0;0;0;0;0;0;0;0;0;0;0;0;0;0;0
Santa Esmeralda;0;0;1;0;0;0;0;0;0;0;0;0;0;0;0;0;0;0;0;0
Santiano;0;0;0;0;0;0;0;0;0;1;0;0;0;0;0;0;0;0;0;0
Savage Garden;0;0;0;0;0;0;0;0;0;0;0;0;0;0;0;0;1;0;0;0
Scott Bradlee's Postmodern Jukebox;0;0;0;0;0;0;0;0;0;0;0;0;0;0;0;0;0;0;0;1
Scubba;0;0;1;0;0;0;0;0;0;0;0;0;0;0;0;0;0;0;0;0
Anthony B.;0;0;0;0;0;0;0;0;0;0;0;0;0;0;0;0;0;0;1;0
The Selecter;0;0;0;0;0;0;0;0;0;0;0;1;0;0;0;0;0;0;0;0
"Sergio Mendes;Jovanotti";0;0;0;0;0;0;1;0;0;0;0;0;0;0;0;0;0;0;0;0
Shakatak;0;0;0;0;0;0;0;0;1;0;0;0;0;0;0;0;0;0;0;0
Alejandro Sanz;0;1;0;0;0;0;0;0;0;0;0;0;0;0;0;0;0;0;0;0
Shantel;0;0;0;0;0;0;0;0;0;0;0;0;0;0;1;0;0;0;0;0
Shawn Mendes;0;1;0;0;0;0;0;0;0;0;0;0;0;0;0;0;0;0;0;0
B. Devotion;0;0;0;0;0;0;0;0;1;0;0;0;0;0;0;0;0;0;0;0
Sheila;0;0;0;0;0;0;0;0;1;0;0;0;0;0;0;0;0;0;0;0
Sheryl Crow;0;0;0;0;0;0;0;0;0;1;0;0;0;0;0;0;0;0;0;0
Shinedown;0;0;0;0;0;0;0;0;0;1;0;0;0;0;0;0;0;0;0;0
Shirley Bassey;0;0;0;0;1;0;0;0;0;0;0;0;0;0;0;0;0;0;0;0
Bryn Christopher;0;0;0;0;0;0;0;0;0;1;0;0;0;0;0;0;0;0;0;0
Sigala;0;0;0;0;0;0;0;0;0;1;0;0;0;0;0;0;0;0;0;0
Silvestre Dangond;0;0;0;0;0;0;0;0;0;1;0;0;0;0;0;0;0;0;0;0
Situation;0;0;0;1;0;0;0;0;0;0;0;0;0;0;0;0;0;0;0;0
Sixpence None The Richer;0;0;0;0;0;0;0;0;0;0;0;0;0;0;0;0;0;0;0;1
Slackwax;0;0;0;0;0;0;0;0;0;0;0;0;0;0;0;0;0;1;0;0
Snoop Dogg;0;0;0;0;0;0;0;0;0;0;0;0;0;0;0;0;1;0;0;0
Sofia Reyes;0;1;0;0;0;0;0;0;0;0;0;0;0;0;0;0;0;0;0;0
Soft Cell;0;0;0;0;0;0;1;0;0;0;0;0;0;0;0;0;0;0;0;0
Solomun;0;0;0;0;0;0;0;0;0;0;0;0;0;0;0;0;0;1;0;0
Soolo;0;0;0;0;0;0;0;0;0;0;0;0;0;1;0;0;0;0;0;0
Spandau Ballet;0;0;0;0;0;0;0;0;0;0;0;0;0;0;0;0;1;0;0;0
Speedswing;0;0;0;0;0;0;0;0;0;0;0;0;0;0;0;0;0;1;0;0
Steely Dan;1;0;0;0;0;0;0;0;0;0;0;0;0;0;0;0;0;0;0;0
Stella Starlight Trio;0;0;0;1;0;0;0;0;0;0;0;0;0;0;0;0;0;0;0;0
Steppenwolf;0;0;0;0;0;0;0;0;0;1;0;0;0;0;0;0;0;0;0;0
Stray Cats;0;0;0;0;0;0;0;0;0;0;0;0;0;0;0;0;0;1;0;0
Stryke;0;0;0;0;0;0;0;0;0;0;0;1;0;0;0;0;0;0;0;0
Style Council;0;0;1;0;0;0;0;0;0;0;0;0;0;0;0;0;0;0;0;0
Sugababes;0;0;0;0;0;0;0;0;0;0;0;0;0;0;0;1;0;0;0;0
The Sugarhill Gang;0;0;0;1;0;0;0;0;0;0;0;0;0;0;0;0;0;0;0;0
Summer Cem;0;0;0;0;0;0;0;0;0;0;0;0;0;0;0;0;1;0;0;0
The Supremes;0;0;0;0;0;0;0;0;0;0;0;1;0;0;0;0;0;0;0;0
Surfaris, the;0;0;0;0;0;0;0;0;0;0;0;0;0;0;0;0;0;1;0;0
Swing Out Sister;0;0;0;0;1;0;0;0;0;0;0;0;0;0;0;0;0;0;0;0
System Of A Down;0;0;0;1;0;0;0;0;0;0;0;0;0;0;0;0;0;0;0;0
Tacabro;0;1;0;0;0;0;0;0;0;0;0;0;0;0;0;0;0;0;0;0
Talking Heads;0;0;0;0;0;0;0;0;0;0;0;0;0;0;1;0;0;0;0;0
Taylor Dayne;0;0;0;0;0;0;1;0;0;0;0;0;0;0;0;0;0;0;0;0
The Temptations;0;0;0;0;0;0;0;0;0;0;0;0;0;0;0;0;0;0;0;1
Thelma Houston;0;0;0;0;0;0;1;0;0;0;0;0;0;0;0;0;0;0;0;0
Third Degree;0;0;0;0;0;0;0;0;0;0;0;0;0;0;0;0;0;0;1;0
Third Eye Blind;0;0;0;1;0;0;0;0;0;0;0;0;0;0;0;0;0;0;0;0
Thirty Seconds to Mars;0;0;0;0;0;0;0;0;0;0;0;0;1;0;0;0;0;0;0;0
TLC;0;0;0;0;0;0;0;0;1;0;0;0;0;0;0;0;0;0;0;0
Tom Tom Club;0;0;0;0;0;0;1;0;0;0;0;0;0;0;0;0;0;0;0;0
Tomasz Niecik;0;0;0;0;0;0;0;0;0;0;0;0;0;1;0;0;0;0;0;0
Tower of Power;0;0;0;1;0;0;0;0;0;0;0;0;0;0;0;0;0;0;0;0
Travis Scott & HVME;0;0;0;0;0;0;0;0;1;0;0;0;0;0;0;0;0;0;0;0
Troy;0;0;0;0;0;0;0;0;0;0;0;0;0;0;0;0;1;0;0;0
Trude Herr;0;0;0;0;0;0;0;0;0;0;0;0;0;0;0;0;0;1;0;0
Tyrone Wells;0;0;0;0;0;0;0;0;0;0;0;0;1;0;0;0;0;0;0;0
U.S. Atlantic Fleet Navy Show Band;0;0;1;0;0;0;0;0;0;0;0;0;0;0;0;0;0;0;0;0
Ultravox;0;0;0;0;0;0;0;0;0;0;0;0;0;1;0;0;0;0;0;0
Una Mas Trio;0;0;0;0;1;0;0;0;0;0;0;0;0;0;0;0;0;0;0;0
Van Alexander;0;0;0;0;0;0;0;0;0;0;0;0;0;0;0;0;0;1;0;0
Van Halen;0;0;0;0;0;0;0;0;0;0;0;0;0;0;0;0;0;0;0;1
Van Morrison;0;0;0;1;0;0;0;0;0;0;0;0;0;0;0;0;0;0;0;0
Vance Joy;1;0;0;0;0;0;0;0;0;0;0;0;0;0;0;0;0;0;0;0
The Verve;0;0;0;0;0;0;0;0;0;1;0;0;0;0;0;0;0;0;0;0
Vicky Leandros;0;0;0;0;1;0;0;0;0;0;0;0;0;0;0;0;0;0;0;0
Victory;0;1;0;0;0;0;0;0;0;0;0;0;0;0;0;0;0;0;0;0
Village People;0;0;0;0;0;0;1;0;0;0;0;0;0;0;0;0;0;0;0;0
Vonda Shepard;0;0;0;0;0;0;0;0;0;0;0;0;0;0;0;1;0;0;0;0
Waldeck;0;0;0;0;0;0;0;0;0;0;0;0;0;0;0;0;0;0;1;0
Walter Murphy;0;0;0;0;0;0;0;0;0;0;0;0;1;0;0;0;0;0;0;0
Walter Wanderley;0;0;0;0;0;0;0;0;0;0;0;0;0;0;0;0;0;1;0;0
Wanda;0;0;0;0;0;0;0;0;0;0;1;0;0;0;0;0;0;0;0;0
Wayne Newton;1;0;0;0;0;0;0;0;0;0;0;0;0;0;0;0;0;0;0;0
Wet Wet Wet;0;0;0;0;0;0;0;0;0;0;0;0;0;1;0;0;0;0;0;0
Whispers, the;0;0;0;0;0;0;0;0;1;0;0;0;0;0;0;0;0;0;0;0
Will Young;0;0;0;0;0;0;0;0;0;0;0;0;1;0;0;0;0;0;0;0
William Fitzsimmons;0;0;0;1;0;0;0;0;0;0;0;0;0;0;0;0;0;0;0;0
Wisin & Yandel;0;1;0;0;0;0;0;0;0;0;0;0;0;0;0;0;0;0;0;0
XX EDITS;0;0;0;0;0;0;0;0;0;0;1;0;0;0;0;0;0;0;0;0
The XX;0;0;0;0;0;0;0;0;0;0;0;0;0;1;0;0;0;0;0;0
Young Rascals;1;0;0;0;0;0;0;0;0;0;0;0;0;0;0;0;0;0;0;0
Young-Holt Unlimited;0;0;0;0;0;0;1;0;0;0;0;0;0;0;0;0;0;0;0;0
Yuliet Topaz;0;0;0;0;0;0;0;0;0;0;0;0;0;0;0;0;0;1;0;0
Ana Costa;0;1;0;0;1;0;0;1;0;0;0;0;0;1;0;0;0;0;0;0
Jim Jacobs;0;0;0;0;0;0;0;0;0;0;0;0;0;0;0;0;1;0;0;0
zzoilo;0;1;0;0;0;0;0;0;0;0;0;0;0;0;0;0;0;0;0;0
