;2.9.;3.9.;8.9.;9.9.;10.9.;16.9.;17.9.;22.9.;23.9.;30.9.
Clocks (Cristian Poow Nu Disco Remix) (Extended);1;1;1;1;1;1;1;1;1;1
Let's Get Loud;1;1;1;1;1;1;1;1;1;1
Blinding Lights;1;1;1;1;1;1;1;1;1;0
Can't Stop The Feeling! (Erick Decks Club Rework);1;1;1;0;1;1;1;1;1;1
Luis_Fonsi-Despacito_(Maribellos_Wiggle It Bootleg);1;1;1;1;1;1;1;1;1;0
Everybody (Backstreet's Back) [Radio Edit]/Radio Edit;1;1;1;1;1;1;1;1;1;0
Party Mix I;1;1;1;1;1;1;1;0;1;1
Welcome To St. Tropez [feat. Kalenna] [DJ Antoine Vs. Mad Mark Remix]/DJ Antoine Vs. Mad Mark Remix;1;1;1;1;1;1;1;1;1;0
Sing Hallelujah!;1;1;1;1;1;1;1;1;1;0
Layla;1;1;1;1;1;1;1;0;1;1
Sch|ttel deinen Speck;1;1;1;1;1;1;1;1;1;0
Disparate Youth;1;1;1;1;1;1;1;0;1;0
Around The World (Extended);1;1;1;0;1;0;1;1;1;1
"Don't Stop 'Til You Get Enough (Dj ""S"" Bootleg Dance Remix)";1;1;1;0;0;1;1;1;1;1
Copacabana (DJ BLIZZ MIXSHOW);1;1;1;1;1;1;1;0;1;0
Hulapalu (Harris & Ford Extended Mix);1;1;1;1;0;1;1;0;1;1
Ain't Nobody (Double A ReDrum) (Clean Short);0;1;1;1;1;1;1;1;0;1
The Bad Touch;0;1;0;1;1;1;1;1;1;1
Danza Kuduro;0;0;1;1;1;1;1;1;1;1
Pepas x Danza kuduro;0;0;1;1;1;1;1;1;1;1
Lola's Theme;0;1;0;0;1;1;1;1;1;1
Levitating (Intro Clean);1;1;0;0;1;1;1;1;0;1
24K Magic;1;0;1;1;1;1;1;1;0;0
This Time It's My Life - Extended Club Mix;1;1;1;0;1;1;1;0;1;0
Young Right Now (Extended Mix);1;1;1;1;0;1;1;0;0;1
Dicht im Flieger;1;1;1;1;1;0;1;0;1;0
Atemlos durch die Nacht (Bassflow Extended Main Remake);1;1;1;1;0;1;1;1;0;0
Played-A-Live (The Bongo Song);1;1;1;1;0;1;1;0;1;0
Shed A Light (Extended Version);0;1;1;0;0;1;1;1;1;1
A Sky Full of Stars (Robin Schulz Remix);0;1;1;0;1;1;1;0;1;1
Crazy In Love (Jim Craane Extended Mix);0;1;1;1;0;1;1;1;1;0
Sugar (feat. Francesco Yates) (Extended Mix);0;1;1;1;0;1;1;1;0;1
Hall Of Fame [Original Version];1;1;0;1;1;1;1;0;0;0
Empire State Of Mind [Jay-Z + Alicia Keys]/Jay-Z + Alicia Keys;1;1;1;1;1;0;0;0;0;1
You Can't Hurry Love;1;1;0;0;1;1;0;0;1;1
Good Morning - Just Kiddin Remix;1;0;1;0;1;1;1;0;1;0
Phänomenal;1;0;1;0;1;1;1;0;1;0
Levels [Original Version]/Original Version;1;0;1;0;0;1;1;1;1;0
Insomnia [Monster Mix]/Monster Mix;1;0;1;0;0;1;1;1;0;1
Gimme! Gimme! Gimme! (A Man After Midnight) (Short Edit);1;0;0;1;0;1;1;1;1;0
Apache 207 - Roller (Intro);1;1;0;1;1;1;0;0;0;1
Pepas - Robin Schulz Remix;1;0;0;1;1;1;1;0;0;1
Low (BPM Supreme Slam Edit) (Clean Extended);1;1;0;0;1;1;1;0;1;0
Billie Jean (Clean);1;1;0;0;0;0;1;1;1;1
Fireworks (Extended Mix);0;1;0;0;1;1;1;0;1;1
Heart To Heart;0;1;1;0;1;1;1;0;1;0
Moves Like Jagger [Studio Recording From The Voice Performance]/Studio Recording From The Voice Performance;0;1;1;0;0;1;1;0;1;1
Sun Is Shining (Clean Extended);0;0;1;1;0;1;1;1;0;1
One Kiss (Denis First & Reznikov Remix) [Extended Mix] (promodj.com);0;0;1;1;1;1;1;1;0;0
Macarena;0;0;1;0;1;1;1;1;1;0
Can't Hold Us;0;0;1;1;1;1;1;0;1;0
After Ceremony Mix 2021;0;0;1;1;0;1;1;0;0;1
OMI - Hula Hoop (MIKI Instrumental);1;1;1;0;0;0;1;0;1;0
Treasure (Cosmic Dawn Radio Edit);1;1;0;0;0;0;1;1;1;0
Verlieben, Verloren, Vergessen, Verzeih'n;1;1;0;0;0;1;1;0;1;0
Ohne mein Team;1;1;1;1;1;0;0;0;0;0
Monster;1;1;0;0;1;1;1;0;0;0
Senorita;1;0;0;0;1;1;1;1;0;0
Wir sagen danke schön;1;1;0;0;0;1;1;0;1;0
Watch Out For this [Bumaye] (DJ B-Boy PartyBreak - Transition 128 - 108 BPM);1;1;0;0;1;0;0;1;1;0
Conga;1;0;1;1;1;1;0;0;0;0
07 Are You With Me (Extended Mix);0;1;0;0;0;1;1;1;1;0
Get Down Tonight;0;1;0;0;1;1;1;0;1;0
Oxygen (Clean Extended);0;1;1;0;0;1;1;1;0;0
Fireflies (HH Clean Intro);0;1;0;0;1;0;1;1;0;1
Candyman;0;1;0;0;1;1;1;0;1;0
Taki Taki (with Selena Gomez, Ozuna & Cardi B);0;1;1;1;1;1;0;0;0;0
Boom Boom;0;1;1;1;1;0;0;0;1;0
Temperature [Album Version]/Album Version;0;1;1;1;1;1;0;0;0;0
Omi - Cheerleader (DJOK! Classic House Remix);0;0;1;0;1;1;0;1;0;1
Unbezwingbar;0;0;1;0;0;1;1;0;1;1
Yeah (Tobi S. Ultramix Extended) 105bpm;0;0;1;0;1;1;0;0;1;1
All Night Long (Heavy Hits Quantized Edit) (Clean Short);0;0;0;0;1;1;1;1;0;1
Dopamin (Extended MIx);1;0;1;0;0;1;0;0;1;0
Unterwegs;1;1;0;0;0;0;1;1;0;0
Ticket;1;1;1;0;0;1;0;0;0;0
In Your Arms (For An Angel);1;0;0;0;0;1;0;0;1;1
Infinity 2018 - Extended Mix;1;1;0;0;0;0;0;1;0;1
Lovefool (Extended Mix);1;1;0;0;0;0;0;1;0;1
Single Ladies (Put A Ring On It);1;0;0;0;1;0;1;0;1;0
Lost Frequencies - Where Are You Now (FÄT TONY Remix);1;1;0;1;0;1;0;0;0;0
Sandstorm (DJcity Short Edit);1;0;0;0;1;1;1;0;0;0
Party Rock Anthem;1;1;0;0;1;0;1;0;0;0
Sky And Sand;1;0;0;1;0;0;0;1;1;0
Wir sind groß;0;1;0;0;0;1;1;0;1;0
I Don't Care (with Justin Bieber);0;1;0;1;1;0;0;1;0;0
Protectors of the Earth;0;1;0;0;1;0;1;1;0;0
Hung Up;0;1;0;0;1;1;1;0;0;0
Wake Me Up;0;1;0;1;0;1;0;0;1;0
And The Beat Goes On (JEKEY Quantized & Remastered Edit) (Clean);0;1;1;0;1;0;0;1;0;0
I Know You Want Me (calle ocho) [Extended]/Extended;0;1;0;0;0;0;1;1;1;0
Ding;0;1;1;0;1;0;1;0;0;0
Summer (Extended Mix);0;1;1;0;0;0;0;1;0;1
Gasolina (BPM Supreme Slam Edit) (Clean Short Edit);0;1;1;1;0;1;0;0;0;0
Pepas;0;0;1;0;0;0;1;1;0;1
Stayin' Alive - GRAYMATTER Remix;0;0;1;0;0;0;1;0;1;1
James Hype feat. Kelli-Leigh - More Than Friends (Denis First Remix);0;0;1;1;1;0;0;1;0;0
Don't Stop Me Now;0;0;1;0;0;1;1;0;0;1
Ferrari;0;0;0;1;1;1;1;0;0;0
Hypnotized;0;0;0;0;1;1;1;0;0;1
Lady (Hear Me Tonight) - Darren After Remix;0;0;0;0;0;0;1;1;1;1
Hello (Club Edit) [Club Edit]/Club Edit;1;1;0;0;0;0;0;1;0;0
The Rhythm of the Night - Extended Mix;1;1;0;0;0;0;0;0;0;1
PHOTOGRAPH (RO´S REMIX EDIT 2K15);1;0;0;0;1;1;0;0;0;0
Warum hast du nicht nein gesagt (Club Mix);1;0;0;1;0;0;1;0;0;0
Bad (feat. Vassy) (Original Mix);1;0;0;0;1;0;0;0;1;0
Paradise;1;0;0;0;1;0;0;1;0;0
Wahnsinn;1;0;0;0;0;1;1;0;0;0
What Is Love;1;0;0;0;1;0;1;0;0;0
Rock This Party (Club Mix);1;1;0;0;0;1;0;0;0;0
Sonnentanz [Original Version];1;0;0;1;0;0;1;0;0;0
DJ Got Us Fallin In Love (BPM Supreme Slam Edit) (Clean Extended);1;0;0;0;0;0;1;0;1;0
Anton Aus Tirol (Party Mix);1;0;0;0;1;0;1;0;0;0
Ain't Nobody - Instrumental Dance Mix;0;1;0;0;0;0;1;0;1;0
Sun Goes Down (feat. Jasmine Thompson) (Extended Vocal Mix);0;1;1;0;0;0;0;1;0;0
Came Here for Love;0;1;1;0;0;1;0;0;0;0
Musik sein;0;1;0;0;1;0;1;0;0;0
Wanna Be Startin' Somethin';0;1;0;0;0;0;1;0;1;0
Shut Up And Dance (Avalonn Quick Edit);0;1;0;0;0;0;1;1;0;0
WannaBe (Radio Edit);0;1;0;0;1;0;1;0;0;0
Der Zug hat keine Bremse - Mallorcastyle Edition;0;1;0;0;1;0;1;0;0;0
Mammoth;0;1;0;0;0;1;0;0;1;0
Love Tonight - Edit;0;1;0;1;0;0;0;1;0;0
Shake It Off;0;1;0;0;1;0;0;0;1;0
Love Is Gone (Fred Riester & Joachim Garraud Rm);0;1;0;0;1;1;0;0;0;0
Manila;0;0;1;0;1;0;0;0;1;0
Sugar (feat. Francesco Yates) (Henri PFR Remix);0;0;1;0;0;0;0;1;1;0
Remedy;0;0;1;0;1;0;1;0;0;0
Happy;0;0;1;1;0;0;0;0;0;1
Aserejé;0;0;1;0;0;0;0;1;1;0
Friday (Dopamine Re-Edit) (Clean Extended);0;0;0;1;0;0;0;1;0;1
Play;0;0;0;1;1;1;0;0;0;0
Infinity;0;0;0;1;0;1;1;0;0;0
Levels The Good Feeling (DJ EU Bootleg QH);0;0;0;1;1;0;0;1;0;0
Love Don't Let Me Bad (DJ B-Boy Bootleg);0;0;0;1;0;0;1;1;0;0
Belly Dancer;0;0;0;1;0;1;0;0;1;0
Angels;0;0;0;1;0;1;1;0;0;0
Bella Ciao Hugel Rip.128;0;0;0;0;1;0;1;1;0;0
Do It To It;0;0;0;0;1;0;1;0;1;0
Tearin' Up My Heart;0;0;0;0;1;1;1;0;0;0
Aloha Heja He;0;0;0;0;1;1;1;0;0;0
Empire State Of Mind [Jay-Z + Alicia Keys] [Explicit Album Version]/Explicit Album Version;0;0;0;0;0;1;1;0;1;0
Move Your Body - MFresh Ferrari Toneplay Edit (Short Edit);0;0;0;0;0;1;1;1;0;0
Blinding Lights - Late Night Piano Remix;0;0;0;0;0;0;1;0;1;1
Blinding Lights (BPM Supreme Break Intro) (Clean Extended);0;0;0;0;0;0;0;1;1;1
Alors On Danse;1;0;0;1;0;0;0;0;0;0
No Games;1;0;0;0;1;0;0;0;0;0
Drop It Like It's Hot;1;0;0;0;0;1;0;0;0;0
Thrift Shop;1;0;0;1;0;0;0;0;0;0
Let Me Think About It [Club Mix];1;1;0;0;0;0;0;0;0;0
Personal Jesus (Remastered Version);1;0;0;0;0;0;0;0;0;1
I Wanna Dance With Somebody (Remastered: 2000);1;0;0;0;0;0;0;0;1;0
1000 Träume Weit (Tornero);1;0;0;0;0;0;0;0;1;0
In Da Club [Album Version (Explicit)]/Album Version (Explicit);1;0;0;1;0;0;0;0;0;0
Bella Donna;1;0;0;0;1;0;0;0;0;0
Macarena (Tobi Schagen Bootleg);1;0;0;1;0;0;0;0;0;0
Mr. Brightside;1;1;0;0;0;0;0;0;0;0
Anthem;0;1;0;0;0;0;0;1;0;0
Moth To A Flame (with The Weeknd) - Extended Mix;0;1;1;0;0;0;0;0;0;0
Clocks;0;1;0;0;0;1;0;0;0;0
Rise (feat. Tasita D'Mour);0;1;0;0;1;0;0;0;0;0
Stevie Knows - 7th Heaven Remix;0;1;0;0;0;0;0;1;0;0
My Name Is Lincoln;0;1;0;0;0;0;1;0;0;0
Sunny (JEKEY Quantized & Remastered Edit) (Clean);0;1;0;0;0;0;0;1;0;0
On The Floor;0;1;1;0;0;0;0;0;0;0
September (Intro Clean);0;1;0;0;0;1;0;0;0;0
Levels [Original Version];0;1;0;0;0;0;0;0;0;1
Red Flag;0;1;0;0;0;1;0;0;0;0
Last Resort [Album Version (Ex)]/Album Version (Ex);0;1;0;0;0;1;0;0;0;0
DJ Got Us Fallin' In Love;0;1;0;0;0;0;0;1;0;0
Because You Move Me;0;1;0;1;0;0;0;0;0;0
Ich schwanke noch;0;1;0;0;0;0;1;0;0;0
Was Du Liebe nennst;0;1;0;0;0;0;1;0;0;0
Kernkraft 400;0;1;0;0;0;0;0;1;0;0
Chunky;0;1;0;1;0;0;0;0;0;0
Breaking Free (Highschool Musical) Extended Mix;0;1;0;1;0;0;0;0;0;0
Bück Dich Hoch;0;1;0;0;0;0;1;0;0;0
Hit the road jack vs Get down (Madritano Mashup);0;1;0;0;1;0;0;0;0;0
Without Me (Intro Dirty);0;1;0;0;0;0;0;0;0;1
Disco Pogo (Atzen Musik Mix);0;1;0;0;1;0;0;0;0;0
Hallucination;0;0;1;0;0;0;0;0;0;1
Cry For You [Dave Ramone Extended Mix]/Dave Ramone Extended Mix;0;0;1;0;0;0;0;0;0;1
When Love Takes Over [(Feat. Kelly Rowland) (Original Extended)]/(Feat. Kelly Rowland) (Original Extended);0;0;1;0;0;0;1;0;0;0
Acapulco (DJcity Intro);0;0;1;0;0;0;0;0;0;1
Because You Move Me - Extended Mix;0;0;1;1;0;0;0;0;0;0
Ab in den Süden [Radiocut]/Radiocut;0;0;1;1;0;0;0;0;0;0
Mi Gente;0;0;1;1;0;0;0;0;0;0
Con Calma;0;0;1;0;0;0;0;0;1;0
Rhythm Is A Dancer;0;0;1;0;0;0;1;0;0;0
The Black Pearl [Dave Darell Remix]/Dave Darell Remix;0;0;0;1;1;0;0;0;0;0
One More Time  (12 Mix);0;0;0;1;0;0;0;1;0;0
La Cintura;0;0;0;1;0;0;0;1;0;0
Macarena (New Cut);0;0;0;1;1;0;0;0;0;0
Null auf 100 - dB Extended Remix;0;0;0;1;0;1;0;0;0;0
Miami (album version);0;0;0;1;0;0;0;0;0;1
Take On Me (Remastered Album Version);0;0;0;1;0;0;0;0;0;1
Lovers on the Sun (feat. Sam Martin) (Extended);0;0;0;1;0;0;0;0;0;1
Polonäse Blankenese;0;0;0;1;1;0;0;0;0;0
Augenbling (G-Point`s Intro);0;0;0;1;0;1;0;0;0;0
On Repeat;0;0;0;1;0;0;0;1;0;0
Head & Heart (Clean Extended);0;0;0;1;0;1;0;0;0;0
The Race;0;0;0;0;1;0;0;1;0;0
Dished (Male Stripper);0;0;0;0;1;0;1;0;0;0
Let's Get It Started (HH Clean Intro);0;0;0;0;1;0;0;0;0;1
Boom Boom Pow Remix feat. Fatman Scoop & LMFAO;0;0;0;0;1;0;1;0;0;0
Niggas In Paris (DJ AndOne Scratch In Edit) (Dirty);0;0;0;0;1;0;1;0;0;0
Dickes B (Album-Version);0;0;0;0;1;1;0;0;0;0
Alles neu (Album Version) [Album Version]/Album Version;0;0;0;0;1;0;1;0;0;0
All Around The World;0;0;0;0;0;1;0;0;0;1
Stereo Love [Original Version]/Original Version;0;0;0;0;0;1;0;1;0;0
PARADISE - FEIER & EIS Remix;0;0;0;0;0;1;1;0;0;0
Show You Love;0;0;0;0;0;1;1;0;0;0
Jein;0;0;0;0;0;1;1;0;0;0
I'm Good (Blue) (Intro - Clean);0;0;0;0;0;1;0;1;0;0
Polka, Polka, Polka;0;0;0;0;0;1;1;0;0;0
Leev Marie;0;0;0;0;0;1;1;0;0;0
Wonderwall;0;0;0;0;0;1;1;0;0;0
Wildberry Lillet (DJcity Intro);0;0;0;0;0;1;1;0;0;0
Sunlight (feat. Years and Years) (Radio Edit);0;0;0;0;0;0;1;1;0;0
Outlines (Radio Edit);0;0;0;0;0;0;1;0;1;0
Übermorgen;0;0;0;0;0;0;1;0;0;1
Lola Get Down (DREZZ Mashup) (Clean Extended);0;0;0;0;0;0;1;0;1;0
Tobi Schagen;0;0;0;0;0;0;1;0;1;0
Destination Calabria [Club Mix]/Club Mix;0;0;0;0;0;0;0;1;0;1
Head Shoulders Knees & Toes (Clean Extended);0;0;0;0;0;0;0;1;0;1
Uptown Funk;0;0;0;0;0;0;0;1;0;1
Ride it (New Cut);0;0;0;0;0;0;0;1;0;1
Don't You (Forget About Me);0;0;0;0;0;0;0;1;0;1
Aint Nobody [Instrumental];0;0;0;0;0;1;0;0;0;0
On the Road Again;1;0;0;0;0;0;0;0;0;0
Jump (For My Love);1;0;0;0;0;0;0;0;0;0
Sweet Nothing (feat. Florence Welch);1;0;0;0;0;0;0;0;0;0
Physical;1;0;0;0;0;0;0;0;0;0
Million Voices;1;0;0;0;0;0;0;0;0;0
Until I Found You;1;0;0;0;0;0;0;0;0;0
Infinity 2008 - Klaas Vocal Mix;1;0;0;0;0;0;0;0;0;0
Crazy In Love;1;0;0;0;0;0;0;0;0;0
You Can Leave Your Hat On;1;0;0;0;0;0;0;0;0;0
Sunglasses At Night [Club Mix]/Club Mix;1;0;0;0;0;0;0;0;0;0
Poker Face;1;0;0;0;0;0;0;0;0;0
Mein Herz;1;0;0;0;0;0;0;0;0;0
Kölsch x Jax Jones - You Don't Know Grey (David Puentez Mashup) Intro Parookaville 2019;1;0;0;0;0;0;0;0;0;0
Gold Digger;1;0;0;0;0;0;0;0;0;0
Remmidemmi (Yippie Yippie Yeah);1;0;0;0;0;0;0;0;0;0
Easy;1;0;0;0;0;0;0;0;0;0
Bailando;1;0;0;0;0;0;0;0;0;0
Your Love (9PM) (Clean Extended);1;0;0;0;0;0;0;0;0;0
Pony;1;0;0;0;0;0;0;0;0;0
Shikidim;1;0;0;0;0;0;0;0;0;0
My Humps;1;0;0;0;0;0;0;0;0;0
You're My Heart, You're My Soul [New Version]/New Version;1;0;0;0;0;0;0;0;0;0
Freed from desire;1;0;0;0;0;0;0;0;0;0
Sugar Instrumental 1h;0;1;0;0;0;0;0;0;0;0
Sundown Live Mix 2017;0;1;0;0;0;0;0;0;0;0
Praise You - Purple Disco Machine Extended Remix;0;1;0;0;0;0;0;0;0;0
Sun Is Shining - Extended Version;0;1;0;0;0;0;0;0;0;0
Unforgettable - Alle Farben Remix [Extended Version];0;1;0;0;0;0;0;0;0;0
When The Beat Drops Out (Florian Paetzold Remix);0;1;0;0;0;0;0;0;0;0
Love Me Like You (Do Santoz ft Jonas Parker Remix);0;1;0;0;0;0;0;0;0;0
Perfect - Robin Schulz Remix;0;1;0;0;0;0;0;0;0;0
All My Life;0;1;0;0;0;0;0;0;0;0
Sommersprossen (Insturmental Mix);0;1;0;0;0;0;0;0;0;0
Wenn du schläfst - B-Case Remix;0;1;0;0;0;0;0;0;0;0
All Night Long (Heavy Hits Quantized Edit) (Clean);0;1;0;0;0;0;0;0;0;0
Cheerleader (Felix Jaehn Remix Radio Edit);0;1;0;0;0;0;0;0;0;0
Wasted Love (Clean Extended);0;1;0;0;0;0;0;0;0;0
I Gotta Feeling;0;1;0;0;0;0;0;0;0;0
Born This Way;0;1;0;0;0;0;0;0;0;0
Rain Over Me;0;1;0;0;0;0;0;0;0;0
Blurred Lines;0;1;0;0;0;0;0;0;0;0
Geiles Leben (Madizin Single Mix);0;1;0;0;0;0;0;0;0;0
Absolutely Everybody;0;1;0;0;0;0;0;0;0;0
Losing It;0;1;0;0;0;0;0;0;0;0
GAYLE - ABCDEFU (FÄT TONY & MEDUN REMIX);0;1;0;0;0;0;0;0;0;0
On My Mind (Denis First Remix) [Extended Mix] (promodj.com);0;1;0;0;0;0;0;0;0;0
1, 2, 3;0;1;0;0;0;0;0;0;0;0
Saufi Saufi;0;1;0;0;0;0;0;0;0;0
La Cintura (New Cut);0;1;0;0;0;0;0;0;0;0
Vagabund (DJ BLIZZ MIXSHOW);0;1;0;0;0;0;0;0;0;0
Mary;0;1;0;0;0;0;0;0;0;0
Crazy What Love Can Do;0;1;0;0;0;0;0;0;0;0
Astronomia 2K19 (Extended Mix);0;1;0;0;0;0;0;0;0;0
Pump It Up - Extended Mix;0;1;0;0;0;0;0;0;0;0
Trouble (Club Mix);0;1;0;0;0;0;0;0;0;0
Talamanca;0;1;0;0;0;0;0;0;0;0
Florida Lady [Original]/Original;0;1;0;0;0;0;0;0;0;0
"Let It Go - From ""Frozen""/Soundtrack Version";0;1;0;0;0;0;0;0;0;0
We're All In This Together (Remix);0;1;0;0;0;0;0;0;0;0
One (Original Mix);0;1;0;0;0;0;0;0;0;0
One (Your Name) (Vocal Mix) [feat. Pharrell] [Vocal Mix]/Vocal Mix;0;1;0;0;0;0;0;0;0;0
Policeman (Original Mix);0;1;0;0;0;0;0;0;0;0
Jump Around (Isaac Jordan Scratch In Edit) (Dirty);0;1;0;0;0;0;0;0;0;0
Mein Block [RMX]/RMX;0;1;0;0;0;0;0;0;0;0
Cruisen;0;1;0;0;0;0;0;0;0;0
Papaya;0;1;0;0;0;0;0;0;0;0
Toni Der Rodelkönig;0;1;0;0;0;0;0;0;0;0
Explode (Epic Extended Mix);0;1;0;0;0;0;0;0;0;0
Sandstorm;0;1;0;0;0;0;0;0;0;0
Dimitri_Vegas_Like_Mike_Martin_Garrix_Tremor_;0;1;0;0;0;0;0;0;0;0
We Like To Party (Trap Remix);0;1;0;0;0;0;0;0;0;0
Champagne Showers;0;1;0;0;0;0;0;0;0;0
"Gettin' Over You (Featuring Fergie & LMFAO;Extended)";0;1;0;0;0;0;0;0;0;0
Always - Alle Farben Remix;0;0;1;0;0;0;0;0;0;0
Kackvogel - Original Mix;0;0;1;0;0;0;0;0;0;0
Take It Easy - Original Mix;0;0;1;0;0;0;0;0;0;0
Riders on the Storm - Original Mix;0;0;1;0;0;0;0;0;0;0
Coco Jamboo - Calippo Remix Edit;0;0;1;0;0;0;0;0;0;0
Infinity (PRETTY YOUNG Remix);0;0;1;0;0;0;0;0;0;0
Discovery Channel - Extended Mix;0;0;1;0;0;0;0;0;0;0
Der Kommissar - Mousse T. Remix;0;0;1;0;0;0;0;0;0;0
Fireworks (feat. Moss Kena & The Knocks);0;0;1;0;0;0;0;0;0;0
Friday (Dopamine Re-Edit - PeteDown Transition 100-123) (Clean);0;0;1;0;0;0;0;0;0;0
One Dance;0;0;1;0;0;0;0;0;0;0
Suavemente;0;0;1;0;0;0;0;0;0;0
Zusammen feat. Clueso (feat. Clueso) - Extended;0;0;1;0;0;0;0;0;0;0
Apache 207 - Roller (Eskei83 Show Me Love Bootleg);0;0;1;0;0;0;0;0;0;0
Breaking Free - High School Extended Mix;0;0;1;0;0;0;0;0;0;0
For You;0;0;1;0;0;0;0;0;0;0
Feierabend;0;0;1;0;0;0;0;0;0;0
Titanium (feat. Sia);0;0;1;0;0;0;0;0;0;0
Wanna Be (Extended);0;0;1;0;0;0;0;0;0;0
Uptown Funk (Intro);0;0;0;1;0;0;0;0;0;0
Blinding Lights (DJ ROCCO & DJ EVER B 117-85 Transition) (Clean Short Edit);0;0;0;1;0;0;0;0;0;0
El Temperamento - Spanish Single Version;0;0;0;1;0;0;0;0;0;0
Norderney (Stereoact Remix);0;0;0;1;0;0;0;0;0;0
Blue (Da Ba Dee) [Video Edit];0;0;0;1;0;0;0;0;0;0
This Girl (Kungs vs Cookin' On 3 Burners) [Extended];0;0;0;1;0;0;0;0;0;0
Hey Brother;0;0;0;1;0;0;0;0;0;0
Herzbeben (Extended Mix);0;0;0;1;0;0;0;0;0;0
Holland;0;0;0;1;0;0;0;0;0;0
"Memories (Featuring Kid Cudi;Extended)";0;0;0;1;0;0;0;0;0;0
Loin (Pilule Violette);0;0;0;1;0;0;0;0;0;0
Get Busy (HH Clean Intro);0;0;0;1;0;0;0;0;0;0
Yeah!;0;0;0;1;0;0;0;0;0;0
Libertine [Radio Edit]/Radio Edit;0;0;0;1;0;0;0;0;0;0
Like Glue (HH Clean Intro);0;0;0;1;0;0;0;0;0;0
Desenchantée [Radio Edit]/Radio Edit;0;0;0;1;0;0;0;0;0;0
Party Mix III;0;0;0;1;0;0;0;0;0;0
Move Your Ass! - Noisecontrollers Remix;0;0;0;1;0;0;0;0;0;0
500 PS (DJ BLIZZ MIXSHOW);0;0;0;1;0;0;0;0;0;0
Casanova (DJ Blizz Mixshow);0;0;0;1;0;0;0;0;0;0
10von10 (DJ CASHESCLAY & DJ MASTABLAZE);0;0;0;1;0;0;0;0;0;0
Bläulich;0;0;0;1;0;0;0;0;0;0
Survivor;0;0;0;1;0;0;0;0;0;0
Praise You [Full Version]/Full Version;0;0;0;1;0;0;0;0;0;0
EASY X FELIX JAEHN REMIX;0;0;0;1;0;0;0;0;0;0
Vergeben Vergessen Und Wieder Vertrau'n;0;0;0;1;0;0;0;0;0;0
Madonna (HH Dirty Intro);0;0;0;1;0;0;0;0;0;0
Wohin Willst Du;0;0;0;1;0;0;0;0;0;0
You Will Never Walk Alone (-5.7 DJ Tobi Schagen Wedding Cut);0;0;0;1;0;0;0;0;0;0
"Love Me Like You Do (From ""Fifty Shades Of Grey"")";0;0;0;0;1;0;0;0;0;0
Desce Pro Play (PA PA PA);0;0;0;0;1;0;0;0;0;0
Tomorrow Can Wait [(Club Version)]/(Club Version);0;0;0;0;1;0;0;0;0;0
Ententanz (Dance Little Bird);0;0;0;0;1;0;0;0;0;0
The Riddle;0;0;0;0;1;0;0;0;0;0
Sounds Like a Melody - Extended Mix;0;0;0;0;1;0;0;0;0;0
Je ne parle pas français - Beatgees Remix;0;0;0;0;1;0;0;0;0;0
Lost on You-LP by Cubaneros Salsa Dance by MySalsaHome;0;0;0;0;1;0;0;0;0;0
Dynoro &  Gigi D'Agostino vs. Dzeko & Torres - In My Mind vs. L_amour Toujours (Crunkz Mashup);0;0;0;0;1;0;0;0;0;0
Bla Bla Bla;0;0;0;0;1;0;0;0;0;0
Bad Roller Memories (Mashup-Germany Edit);0;0;0;0;1;0;0;0;0;0
Hollaback Too Much (David Puentez Mashup) (Dirty Extended);0;0;0;0;1;0;0;0;0;0
Police Man (Kaos VIP Hype Edit) (Clean);0;0;0;0;1;0;0;0;0;0
Get Busy;0;0;0;0;1;0;0;0;0;0
Tamam Tamam (DJ BLIZZ MIXSHOW);0;0;0;0;1;0;0;0;0;0
500 PS;0;0;0;0;1;0;0;0;0;0
Sport (Intro);0;0;0;0;1;0;0;0;0;0
Türlich, Türlich (sicher, Dicker);0;0;0;0;1;0;0;0;0;0
We Like To Party!;0;0;0;0;1;0;0;0;0;0
I Want It That Way;0;0;0;0;1;0;0;0;0;0
Layla (Felix Harrer Bootleg) 2;0;0;0;0;1;0;0;0;0;0
8 (Giorno Bootleg Mix);0;0;0;0;1;0;0;0;0;0
King Of My Castle (Don Diablo Edit) (Extended Mix);0;0;0;0;1;0;0;0;0;0
Palmen aus Plastik;0;0;0;0;1;0;0;0;0;0
Blackout (DJ Blizz Mixshow);0;0;0;0;1;0;0;0;0;0
Hotel;0;0;0;0;1;0;0;0;0;0
Candy Shop (JEKEY Light It Up Bootleg) (Dirty);0;0;0;0;1;0;0;0;0;0
Pjanoo;0;0;0;0;1;0;0;0;0;0
Call On Me;0;0;0;0;1;0;0;0;0;0
Cinderella;0;0;0;0;1;0;0;0;0;0
Dirrty;0;0;0;0;1;0;0;0;0;0
Tamam Tamam;0;0;0;0;1;0;0;0;0;0
Gummibärenbande;0;0;0;0;1;0;0;0;0;0
Pokemon Theme Bootleg Remix;0;0;0;0;1;0;0;0;0;0
Yallah Goodbye (DJ Mighty Hype Intro) (Dirty);0;0;0;0;1;0;0;0;0;0
Ya Salam;0;0;0;0;1;0;0;0;0;0
Loredana & Mozzik - Romeo & Juliet (DJ Serg Re-Drum);0;0;0;0;1;0;0;0;0;0
In Da Club (HH Dirty Intro);0;0;0;0;0;1;0;0;0;0
Frag Mich Nicht (DJcity Intro);0;0;0;0;0;1;0;0;0;0
10von10;0;0;0;0;0;1;0;0;0;0
Be A Hoe/Break A Hoe (DJcity Intro);0;0;0;0;0;1;0;0;0;0
2CB (DJcity Intro);0;0;0;0;0;1;0;0;0;0
Adore (David K Remix);0;0;0;0;0;1;0;0;0;0
Sun Will Shine;0;0;0;0;0;1;0;0;0;0
A Sky Full Of Stars;0;0;0;0;0;1;0;0;0;0
Adventure Of A Lifetime;0;0;0;0;0;1;0;0;0;0
Ein Teil von meinem Herzen - Wedding Edition;0;0;0;0;0;1;0;0;0;0
Andreas Bourani -  Auf uns (New Cut);0;0;0;0;0;1;0;0;0;0
Let's Twist Again (Re-Recorded);0;0;0;0;0;1;0;0;0;0
Smells Like Teen Spirit;0;0;0;0;0;1;0;0;0;0
In Da Club (BPM Supreme Slam Edit) (Dirty Extended);0;0;0;0;0;1;0;0;0;0
Cordula Grün;0;0;0;0;0;1;0;0;0;0
Gangnam Style;0;0;0;0;0;1;0;0;0;0
Hound Dog;0;0;0;0;0;1;0;0;0;0
Greased Lightning;0;0;0;0;0;1;0;0;0;0
Like the Way I Do;0;0;0;0;0;1;0;0;0;0
Turn Me On (Intro Dirty);0;0;0;0;0;1;0;0;0;0
Mas Que Nada;0;0;0;0;0;1;0;0;0;0
Get Down (Kerry Glass 'Stronger' Bootleg) (Clean);0;0;0;0;0;1;0;0;0;0
Ich Darf Das (DJCity Intro);0;0;0;0;0;1;0;0;0;0
Supergirl (Alle Farben Remix);0;0;0;0;0;0;1;0;0;0
Prayer In C (Robin Schulz Remix);0;0;0;0;0;0;1;0;0;0
Die Reise - Akustik Version;0;0;0;0;0;0;1;0;0;0
Halt dich an mir fest [Duett Version]/Duett Version;0;0;0;0;0;0;1;0;0;0
Liquid Spirit - Claptone Remix;0;0;0;0;0;0;1;0;0;0
Years (Vocal Extended Mix);0;0;0;0;0;0;1;0;0;0
Perfect Duet (Ed Sheeran & Beyoncé);0;0;0;0;0;0;1;0;0;0
We No Speak Americano [Original]/Original;0;0;0;0;0;0;1;0;0;0
Baby one more time;0;0;0;0;0;0;1;0;0;0
Apache 207 - Roller (DJ Dado 104-128 Transition);0;0;0;0;0;0;1;0;0;0
Wannabe (El Bee x Chunky Dip x Jesse James Bootleg);0;0;0;0;0;0;1;0;0;0
Superjeilezick;0;0;0;0;0;0;1;0;0;0
Was für eine geile Zeit;0;0;0;0;0;0;1;0;0;0
Tsunami;0;0;0;0;0;0;1;0;0;0
Candy Shop;0;0;0;0;0;0;1;0;0;0
Talk Dirty (Super Clean Edit);0;0;0;0;0;0;1;0;0;0
Gasolina (Kaos VIP Bumaye Bootleg) (Clean);0;0;0;0;0;0;1;0;0;0
Major Tom (Voellig Losgeloest);0;0;0;0;0;0;1;0;0;0
Get Lucky;0;0;0;0;0;0;1;0;0;0
Bad Habits (Intro Clean);0;0;0;0;0;0;1;0;0;0
Er gehört zu mir;0;0;0;0;0;0;1;0;0;0
Ti Amo;0;0;0;0;0;0;1;0;0;0
P.I.M.P. (DEAN-E-G Remix) (HH Dirty Short);0;0;0;0;0;0;1;0;0;0
Anton Megamix;0;0;0;0;0;0;1;0;0;0
Blue (Da Be Dee);0;0;0;0;0;0;1;0;0;0
Daddy Cool (Intro Clean);0;0;0;0;0;0;1;0;0;0
Rasputin (HH Clean Short);0;0;0;0;0;0;1;0;0;0
Barbra Streisand [Original Mix]/Original Mix;0;0;0;0;0;0;1;0;0;0
Quit Playing Games (With My Heart);0;0;0;0;0;0;1;0;0;0
Johnny Dapp;0;0;0;0;0;0;1;0;0;0
Mallorca (Da bin ich daheim);0;0;0;0;0;0;1;0;0;0
It's Raining Men;0;0;0;0;0;0;1;0;0;0
Guten Morgen Barbarossaplatz;0;0;0;0;0;0;1;0;0;0
Verdammt Ich Lieb Dich;0;0;0;0;0;0;1;0;0;0
Nur mit Dir;0;0;0;0;0;0;1;0;0;0
Vamos a Marte (feat. Luis Fonsi);0;0;0;0;0;0;1;0;0;0
Heads Will Roll (A-Trak Remix);0;0;0;0;0;0;1;0;0;0
Die Eine 2005;0;0;0;0;0;0;1;0;0;0
Schüsse in die Luft;0;0;0;0;0;0;1;0;0;0
"Der Ewige Kreis (aus ""Der König der Löwen""/Deutscher Original Film-Soundtrack)";0;0;0;0;0;0;1;0;0;0
Cotton Eye Joe;0;0;0;0;0;0;1;0;0;0
The Spirit Of The Hawk (F.A.F. Radio Mix);0;0;0;0;0;0;1;0;0;0
Porcelain;0;0;0;0;0;0;1;0;0;0
Weekend! (Live in Hamburg) [Live in Hamburg]/Live in Hamburg;0;0;0;0;0;0;1;0;0;0
Show You Love (Clean) (Extended);0;0;0;0;0;0;0;1;0;0
Bob Marley - Could You Be Loved (TJR vs Olav Basoski);0;0;0;0;0;0;0;1;0;0
Rain In Ibiza;0;0;0;0;0;0;0;1;0;0
Clap Your Hands;0;0;0;0;0;0;0;1;0;0
Despacito;0;0;0;0;0;0;0;1;0;0
Let Me Think About It [Club Mix]/Club Mix;0;0;0;0;0;0;0;1;0;0
Taki Taki (BPM Supreme Edit) (Dirty);0;0;0;0;0;0;0;1;0;0
As It Was;0;0;0;0;0;0;0;1;0;0
Dancehall Caballeros;0;0;0;0;0;0;0;1;0;0
Do It To It - Zedd Squid Game Edit;0;0;0;0;0;0;0;1;0;0
Upside Down - Dirty Version;0;0;0;0;0;0;0;1;0;0
Like Glue [Album Version]/Album Version;0;0;0;0;0;0;0;1;0;0
In Lifetimes - Extended Mix;0;0;0;0;0;0;0;1;0;0
House Party (Club Mix);0;0;0;0;0;0;0;1;0;0
Geh nicht weg (Blondee Remix);0;0;0;0;0;0;0;1;0;0
Narcotic (You're Not Us Remix);0;0;0;0;0;0;0;1;0;0
We Are The Champions;0;0;0;0;0;0;0;1;0;0
Midnight City (Clean);0;0;0;0;0;0;0;1;0;0
One Kiss (with Dua Lipa);0;0;0;0;0;0;0;1;0;0
One More Time (Capital People Remix) (Clean Extended);0;0;0;0;0;0;0;1;0;0
Hallihallo (Harris & Ford Extended Mix);0;0;0;0;0;0;0;1;0;0
I'm Good (Blue) (Intro - Dirty);0;0;0;0;0;0;0;1;0;0
enjoy the classics;0;0;0;0;0;0;0;1;0;0
Weekend (Natan Remix);0;0;0;0;0;0;0;1;0;0
Traum;0;0;0;0;0;0;0;0;1;0
Ridin' Solo;0;0;0;0;0;0;0;0;1;0
King;0;0;0;0;0;0;0;0;1;0
Krejt Dashni;0;0;0;0;0;0;0;0;1;0
Hung Up [SDP Extended Vocal]/SDP Extended Vocal;0;0;0;0;0;0;0;0;1;0
I Wanna Grow Old With You - Westlife;0;0;0;0;0;0;0;0;1;0
Celebration;0;0;0;0;0;0;0;0;1;0
Happy Birthday;0;0;0;0;0;0;0;0;1;0
Friday (Dopamine Re-Edit - PeteDown Slam Edit) (Clean);0;0;0;0;0;0;0;0;1;0
Wombass (Extended Mix);0;0;0;0;0;0;0;0;1;0
Be Faithful (128 to 101 BPM DJ Tobi Schagen Transition);0;0;0;0;0;0;0;0;1;0
Mambo No. 5 (A Little Bit Of...);0;0;0;0;0;0;0;0;1;0
Mama Laudaaa;0;0;0;0;0;0;0;0;1;0
Pjanoo [Original Club Mix]/Original Club Mix;0;0;0;0;0;0;0;0;1;0
September (Eric Kupper Remix) (Clean Extended);0;0;0;0;0;0;0;0;0;1
Easy Love (Extended Mix);0;0;0;0;0;0;0;0;0;1
On The Floor (Ven a Bailar) - Bonus Track;0;0;0;0;0;0;0;0;0;1
She Wolf (Falling to Pieces) [feat. Sia] [Ambient Version];0;0;0;0;0;0;0;0;0;1
Without You;0;0;0;0;0;0;0;0;0;1
Bella Vita (DJ Antoine vs. Mad Mark 2k13 Extended Mix);0;0;0;0;0;0;0;0;0;1
2012 (If The World Would End);0;0;0;0;0;0;0;0;0;1
REC-2021-12-17;0;0;0;0;0;0;0;0;0;1
If You Really Love Me (How Will I Know) - Extended;0;0;0;0;0;0;0;0;0;1
Saturday Night;0;0;0;0;0;0;0;0;0;1
My Heart Goes Boom - Extended Mix;0;0;0;0;0;0;0;0;0;1
ODE TO T.N.T (BEKAY BOOTLEG);0;0;0;0;0;0;0;0;0;1
TNT;0;0;0;0;0;0;0;0;0;1
Everything Counts (Single Version) (2006 Digital Remaster);0;0;0;0;0;0;0;0;0;1
Augenbling (128 DJ Tobi Schagen Transition);0;0;0;0;0;0;0;0;0;1
Mundian To Back Ke;0;0;0;0;0;0;0;0;0;1
Don't Go;0;0;0;0;0;0;0;0;0;1
Can't Get Blue Monday Out Of My Head;0;0;0;0;0;0;0;0;0;1
"Enjoy The Silence [7"" Version]";0;0;0;0;0;0;0;0;0;1
Volare (Nel blu di pinto Di blu);0;0;0;0;0;0;0;0;0;1
Ruhrgebiet;0;0;0;0;0;0;0;0;0;1
Hit The Road Jack (JEKEY Quantized & Remastered Edit) (Clean Short);0;0;0;0;0;0;0;0;0;1
Move Your Body - MFresh Ferrari Toneplay Edit;0;0;0;0;0;0;0;0;0;1
I Was Made For Lovin' You;0;0;0;0;0;0;0;0;0;1
Westerland;0;0;0;0;0;0;0;0;0;1
Self Control;0;0;0;0;0;0;0;0;0;1
SHM - 5 Track Minimix (5 Minute Version) 16 Bit MASTER;0;0;0;0;0;0;0;0;0;1
Moth To A Flame (DJcity Intro);0;0;0;0;0;0;0;0;0;1
Just Can't Get Enough (Remastered Version);0;0;0;0;0;0;0;0;0;1
Wildberry Lillet - FEIER & EIS Remix;0;0;0;0;0;0;0;0;0;1
Clocks (Oli Hanson Remix) (Extended);0;0;0;0;0;0;0;0;0;1
Another Love - Zwette Edit;0;0;0;0;0;0;0;0;0;1
Sky and Sand Sonnentanz Porcelain 120BPM to 95BPM;0;0;0;0;0;0;0;0;0;1
Wonderful Dream (Holidays Are Coming) [Radio Version]/Radio Version;0;0;0;0;0;0;0;0;0;1
Wer wird Millionär Soundtracks [5] - 1.000-16.000 €;0;0;0;0;0;0;0;0;0;0
Iron Man 3 Theme;0;0;0;0;0;0;0;0;0;0
Ansage zum Ende der Pause bei einer Veranstaltung;0;0;0;0;0;0;0;0;0;0
Soundtrack 2;0;0;0;0;0;0;0;0;0;0
